Year,PCR #,Tube ID,Bottle ID,River/Lake,Site ID,Province,Experiment,Latitude,Longitude,Collection Date,Collection Time,Collector name,Field comments	,Filtration date,Filtration start time,Filtration  duration,Filtration volume (mL),Filter storage location,Filtration comments,DNA Extraction Date,DNA Extraction protocol,"DNA extract 
storage location",Plate ID,Position,"IPC 
added",qPCR Date,Smallmouth Bass Ct,eDNA Conc. (Pg/L),Smallmouth Bass Ct duplicate,Duplicate eDNA Conc. (Pg/L),Smallmouth Bass Ct triplicate,Triplicate eDNA Conc. (Pg/L),Average eDNA Concentration (pg/L),Yellow Perch Ct,eDNA Conc. (Pg/L),Yellow Perch Ct duplicate,Duplicate eDNA Conc. (Pg/L),Yellow Perch Ct triplicate,Triplicate eDNA Conc. (Pg/L),Average eDNA Conc. (Pg/L),qPCR IPC,Comments/Notes
2020,r20:2399,SMB 2 Anq,Site 25 RL,McKeil Brook Downstream,25,NB,0.8 uM nylon (1L),46.550112,-67.043991,2020-08-19,14:40,K. Patles,,2020-08-20,11:24,13 min,1000,,,2020-09-09,eDNA V1.02,,20R056,B1,200302#3,2020-09-21,Undetermined,,Undetermined,,,,,,,,,,,,33.9,
2020,r20:2398,SMB 1 Anq,Site 25 RR,McKeil Brook Downstream,25,NB,0.8 uM nylon (1L),46.550112,-67.043991,2020-08-19,14:40,K. Patles,,2020-08-20,11:03,12 min,1000,,,2020-09-09,eDNA V1.02,,20R056,A1,200302#3,2020-09-21,Undetermined,,Undetermined,,,,,,,,,,,,34.22,
2020,r20:2402,SMB 5 Anq,Site 26 RL,McKeil Brook Upstream,26,NB,0.8 uM nylon (1L),46.577708,-67.041324,2020-08-19,14:00,K. Patles,Not wide enough for 3 samples,2020-08-20,12:35,11 min,1000,,,2020-09-09,eDNA V1.02,,20R056,E1,200302#3,2020-09-21,Undetermined,,Undetermined,,,,,,,,,,,,33.92,
2020,r20:2401,SMB 4 Anq,Site 26 RR,McKeil Brook Upstream,26,NB,0.8 uM nylon (1L),46.577708,-67.041324,2020-08-19,14:00,K. Patles,,2020-08-20,12:19,10 min,1000,,,2020-09-09,eDNA V1.02,,20R056,D1,200302#3,2020-09-21,Undetermined,,Undetermined,,,,,,,,,,,,34.33,
2020,r20:2404,SMB 7 Anq,Site 27,McKeil Lake,27,NB,0.8 uM nylon (1L),46.60062,-66.9858,2020-08-19,12:45,K. Patles,,2020-08-20,13:30,27 min,250,,"Cut off at 250ml after water didn't seem to filter. Mckiel Lake water was murky (750 ml not processed, but sample was saved) ",2020-09-09,eDNA V1.02,,20R056,G1,200302#3,2020-09-21,Undetermined,,39.57,,,,,,,,,,,,33.85,
2020,r20:2406,SMB 9 Anq,Site 29 RC,Deersdale,29,NB,0.8 uM nylon (1L),46.49828,-67.0485,2020-08-19,15:50,K. Patles,,2020-08-20,14:19,12 min,1000,,,2020-09-09,eDNA V1.02,,20R056,A2,200302#3,2020-09-21,Undetermined,,Undetermined,,,,,,,,,,,,33.91,
2020,r20:2408,SMB 11 Anq,Site 29 RL,Deersdale,29,NB,0.8 uM nylon (1L),46.49828,-67.0485,2020-08-19,15:50,K. Patles,,2020-08-20,15:02,23 min,1000,,,2020-09-09,eDNA V1.02,,20R056,C2,200302#3,2020-09-21,Undetermined,,Undetermined,,,,,,,,,,,,33.5,
2020,r20:2407,SMB 10 Anq,Site 29 RR,Deersdale,29,NB,0.8 uM nylon (1L),46.49828,-67.0485,2020-08-19,15:50,K. Patles,,2020-08-20,14:39,12 min,1000,,,2020-09-09,eDNA V1.02,,20R056,B2,200302#3,2020-09-21,Undetermined,,Undetermined,,,,,,,,,,,,33.73,
2020,r20:2412,SMB 15 Anq,Site 30 RC,Track Pool,30,NB,0.8 uM nylon (1L),46.510334,-67.083794,2020-08-19,15:20,K. Patles,RC- River Center,2020-08-21,11:34,16 min,1000,,,2020-09-09,eDNA V1.02,,20R056,G2,200302#3,2020-09-21,Undetermined,,Undetermined,,,,,,,,,,,,33.97,
2020,r20:2410,SMB 13 Anq,Site 30 RL,Track Pool,30,NB,0.8 uM nylon (1L),46.510334,-67.083794,2020-08-19,15:20,K. Patles,RL- River Left,2020-08-21,10:45,12 min,1000,,,2020-09-09,eDNA V1.02,,20R056,E2,200302#3,2020-09-21,Undetermined,,Undetermined,,,,,,,,,,,,33.89,
2020,r20:2411,SMB 14 Anq,Site 30 RR,Track Pool,30,NB,0.8 uM nylon (1L),46.510334,-67.083794,2020-08-19,15:20,K. Patles,RR- River Right,2020-08-21,11:07,10 min,1000,,,2020-09-09,eDNA V1.02,,20R056,F2,200302#3,2020-09-21,Undetermined,,Undetermined,,,,,,,,,,,,33.49,
2020,r20:2416,SMB 18 Anq,Site 31 RC,Biggar Brook Pool,31,NB,0.8 uM nylon (1L),46.51054,-67.113696,2020-08-19,16:15,K. Patles,,2020-08-21,12:54,23 min,1000,,,2020-09-09,eDNA V1.02,,20R056,C3,200302#3,2020-09-21,Undetermined,,Undetermined,,,,,,,,,,,,33.79,
2020,r20:2414,SMB 16 Anq,Site 31 RL,Biggar Brook Pool,31,NB,0.8 uM nylon (1L),46.51054,-67.113696,2020-08-19,16:15,K. Patles,,2020-08-21,11:57,18 min,1000,,,2020-09-09,eDNA V1.02,,20R056,A3,200302#3,2020-09-21,Undetermined,,Undetermined,,,,,,,,,,,,33.57,
2020,r20:2415,SMB 17 Anq,Site 31 RR,Biggar Brook Pool,31,NB,0.8 uM nylon (1L),46.51054,-67.113696,2020-08-19,16:15,K. Patles,,2020-08-21,12:20,30 min,1000,,,2020-09-09,eDNA V1.02,,20R056,B3,200302#3,2020-09-21,Undetermined,,Undetermined,,,,,,,,,,,,33.65,
2020,r20:2419,SMB 21 Anq,Site 32 RC,Forks Pool,31,NB,0.8 uM nylon (1L),46.51984,-67.14979,2020-08-19,16:30,K. Patles,to capture bogan down river.,2020-08-21,14:25,25 min,1000,,,2020-09-09,eDNA V1.02,,20R056,F3,200302#3,2020-09-21,Undetermined,,Undetermined,,,,,,,,,,,,33.81,
2020,r20:2417,SMB 19 Anq,Site 32 RL,Forks Pool,31,NB,0.8 uM nylon (1L),46.51984,-67.14979,2020-08-19,16:30,K. Patles,Easy access through footpath from Hwy.,2020-08-21,13:31,34 min,1000,,,2020-09-09,eDNA V1.02,,20R056,D3,200302#3,2020-09-21,Undetermined,,Undetermined,,,,,,,,,,,,33.51,
2020,r20:2420,SMB 22 Anq,Site 32 RR,Forks Pool,31,NB,0.8 uM nylon (1L),46.51984,-67.14979,2020-08-19,16:30,K. Patles,Selected Site below the forks,2020-08-21,14:57,36 min,1000,,,2020-09-09,eDNA V1.02,,20R056,G3,200302#3,2020-09-21,Undetermined,,Undetermined,,,,,,,,,,,,33.81,
2020,r20:2422,SMB 24 Anq,Site 1 RL,McKeil Bogan1,1,NB,0.8 uM nylon (1L),46.503354,-66.9651,2020-08-20,13:36,D. Ward,Unable to wade across due to depth.,2020-08-21,18:45,30 min,150,,Very Murky,2020-09-09,eDNA V1.02,,20R056,A4,200302#3,2020-09-21,Undetermined,,Undetermined,,,,,,,,,,,,33.75,
2020,r20:2430,SMB 31 Anq,Site 2 RC,Mckeil Bogan 2,2,NB,0.8 uM nylon (1L),46.498906,-66.956769,2020-08-20,14:31,D. Ward,,2020-08-21,22:34,23 min,1000,,,2020-09-09,eDNA V1.02,,20R056,A5,200302#3,2020-09-21,34.49,,33.98,,,,,,,,,,,,33.63,
2020,r20:2428,SMB 30 Anq,Site 2 RL,Mckeil Bogan 2,2,NB,0.8 uM nylon (1L),46.498906,-66.956769,2020-08-20,14:31,D. Ward,,2020-08-21,21:02,25 min,1000,,,2020-09-09,eDNA V1.02,,20R056,G4,200302#3,2020-09-21,33.55,,34.31,,,,,,,,,,,,33.44,
2020,r20:2427,SMB 29 Anq,Site 2 RR,Mckeil Bogan 2,2,NB,0.8 uM nylon (1L),46.498906,-66.956769,2020-08-20,14:31,D. Ward,,2020-08-21,20:30,25 min,1000,,,2020-09-09,eDNA V1.02,,20R056,F4,200302#3,2020-09-21,34.87,,36.23,,,,,,,,,,,,33.94,
2020,r20:2434,SMB 35 Anq,Site 3 RC,SWM River 3,3,NB,0.8 uM nylon (1L),46.495646,-66.958167,2020-08-20,14:50,D. Ward,,2020-08-22,0:06,20 min,1000,,,2020-09-09,eDNA V1.02,,20R056,E5,200302#3,2020-09-21,37.57,,Undetermined,,,,,,,,,,,,33.26,
2020,r20:2432,SMB 33 Anq,Site 3 RL,SWM River 3,3,NB,0.8 uM nylon (1L),46.495646,-66.958167,2020-08-20,14:50,D. Ward,,2020-08-21,23:14,14 min,1000,,,2020-09-09,eDNA V1.02,,20R056,C5,200302#3,2020-09-21,Undetermined,,Undetermined,,,,,,,,,,,,33.87,
2020,r20:2433,SMB 34 Anq,Site 3 RR,SWM River 3,3,NB,0.8 uM nylon (1L),46.495646,-66.958167,2020-08-20,14:50,D. Ward,,2020-08-21,23:35,22 min,1000,,,2020-09-09,eDNA V1.02,,20R056,D5,200302#3,2020-09-21,Undetermined,,37.61,,,,,,,,,,,,33.75,
2020,r20:2437,SMB 38 Anq,Site 4 RC,SWM River 4,4,NB,0.8 uM nylon (1L),46.495646,-66.939874,2020-08-20,15:37,D. Ward,,2020-08-22,10:54,21 min,1000,,,2020-09-09,eDNA V1.02,,20R056,H5,200302#3,2020-09-21,36.41,,36.26,,,,,,,,,,,,33.85,
2020,r20:2438,SMB 39 Anq,Site 4 RL,SWM River 4,4,NB,0.8 uM nylon (1L),46.495646,-66.939874,2020-08-20,15:37,D. Ward,,2020-08-22,11:23,19 min,1000,,,2020-09-09,eDNA V1.02,,20R056,A6,200302#3,2020-09-21,36.22,,36.62,,,,,,,,,,,,33.79,
2020,r20:2436,SMB 37 Anq,Site 4 RR,SWM River 4,4,NB,0.8 uM nylon (1L),46.495646,-66.939874,2020-08-20,15:37,D. Ward,,2020-08-22,10:30,17 min,1000,,,2020-09-09,eDNA V1.02,,20R056,G5,200302#3,2020-09-21,36.6,,Undetermined,,,,,,,,,,,,33.73,
2020,r20:2440,SMB 41 Anq,Site 5 RC,SWM River 5,5,NB,0.8 uM nylon (1L),46.507534,-66.949769,2020-08-20,16:44,D. Ward,,2020-08-22,12:44,20 min,1000,,,2020-09-09,eDNA V1.02,,20R056,C6,200302#3,2020-09-21,35.48,,36.22,,,,,,,,,,,,33.81,
2020,r20:2441,SMB 42 Anq,Site 5 RL,SWM River 5,5,NB,0.8 uM nylon (1L),46.507534,-66.949769,2020-08-20,16:44,D. Ward,,2020-08-22,13:09,26 min,750,,"Lots of large partiles suspended, but clear water",2020-09-09,eDNA V1.02,,20R056,D6,200302#3,2020-09-21,34.6,,35.9,,,,,,,,,,,,33.62,
2020,r20:2507,SMB 43 Anq,Site 5 RR,SWM River 5,5,NB,0.8 uM nylon (1L),46.507534,-66.949769,2020-08-20,16:44,D. Ward,,2020-08-22,13:41,24 min,1000,,,2020-09-10,eDNA V1.02,,20R056,A7,200302#3,2020-09-21,37.53,,35.56,,,,,,,,,,,,33.76,
2020,r20:2510,SMB 46 Anq,Site 10 RC,SWM River 10,10,NB,0.8 uM nylon (1L),46.494114,-67.010103,2020-08-20,11:15,D. Ward,,2020-08-22,18:55,7 min,1000,,Very clear and ran fast,2020-09-10,eDNA V1.02,,20R056,D7,200302#3,2020-09-21,Undetermined,,Undetermined,,,,,,,,,,,,33.56,
2020,r20:2509,SMB 45 Anq,Site 10 RL,SWM River 10,10,NB,0.8 uM nylon (1L),46.494114,-67.010103,2020-08-20,11:15,D. Ward,,2020-08-22,18:31,9 min,1000,,"Clear, Ran through faster than others",2020-09-10,eDNA V1.02,,20R056,C7,200302#3,2020-09-21,37.37,,Undetermined,,,,,,,,,,,,33.82,
2020,r20:2511,SMB 47 Anq,Site 10 RR,SWM River 10,10,NB,0.8 uM nylon (1L),46.494114,-67.010103,2020-08-20,11:15,D. Ward,,2020-08-22,19:06,8 min,1000,,Visual suspended solids but clear liquid,2020-09-10,eDNA V1.02,,20R056,E7,200302#3,2020-09-21,Undetermined,,Undetermined,,,,,,,,,,,,34.03,
2020,r20:2425,SMB 27 Anq,Site 33 RC,Lovey Island,33,NB,0.8 uM nylon (1L),46.498006,-66.986536,2020-08-20,12:25,D. Ward,,2020-08-21,20:02,14 min,1000,,,2020-09-09,eDNA V1.02,,20R056,D4,200302#3,2020-09-21,Undetermined,,36.53,,,,,,,,,,,,33.95,
2020,r20:2424,SMB 26 Anq,Site 33 RL,Lovey Island,33,NB,0.8 uM nylon (1L),46.498006,-66.986536,2020-08-20,12:25,D. Ward,Unable to wade across due to depth.,2020-08-21,19:30,12 min,1000,,,2020-09-09,eDNA V1.02,,20R056,C4,200302#3,2020-09-21,Undetermined,,Undetermined,,,,,,,,,,,,33.69,
2020,r20:2102,SMB 31,,Miramichi Lake,991,NB,0.8 uM nylon (1L),,,2020-08-21,13:30,FL,Lake 18*C,2020-08-21,11:10,30 min,600,,,,eDNA V1.02,,20R047,G2,20200302#2,2020-08-26,Undetermined,,35.6,,,,,,,,,,,,35.79,
2020,r20:2103,SMB 31,,Miramichi Lake,991,NB,0.8 uM nylon (1L),,,2020-08-21,13:31,FL,,2020-08-21,11:10,30 min,550,,,,eDNA V1.02,,20R047,H2,20200302#2,2020-08-26,37.85,,Undetermined,,,,,,,,,,,,36.48,
2020,r20:2104,SMB 33,,Miramichi Lake,991,NB,0.8 uM nylon (1L),,,2020-08-21,13:32,FL,,2020-08-21,11:23,30 min,450,,,,eDNA V1.02,,20R047,A3,20200302#2,2020-08-26,Undetermined,,35.3,,,,,,,,,,,,36.77,
2020,r20:2106,SMB 34,,Miramichi Lake,992,NB,0.8 uM nylon (1L),46.458111,66.981882,2020-08-21,12:40,UI,,2020-08-21,11:30,30 min,600,,,,eDNA V1.02,,20R047,C3,20200302#2,2020-08-26,Undetermined,,Undetermined,,,,,,,,,,,,36.14,
2020,r20:2107,SMB 35,,Miramichi Lake,992,NB,0.8 uM nylon (1L),46.458111,66.981882,2020-08-21,12:40,UI,,2020-08-21,11:30,30 min,600,,,,eDNA V1.02,,20R047,D3,20200302#2,2020-08-26,Undetermined,,Undetermined,,,,,,,,,,,,35.32,
2020,r20:2108,SMB 36,,Miramichi Lake,992,NB,0.8 uM nylon (1L),46.458111,66.981882,2020-08-21,12:40,UI,,2020-08-21,11:30,30 min,600,,,,eDNA V1.02,,20R047,E3,20200302#2,2020-08-26,35.59,,35.91,,,,,,,,,,,,35.79,
2020,r20:2110,SMB 37,,Miramichi Lake,993,NB,0.8 uM nylon (1L),46.463301,66.989402,2020-08-21,12:30,UI,,2020-08-21,13:17,30 min,650,,,,eDNA V1.02,,20R047,G3,20200302#2,2020-08-26,Undetermined,,Undetermined,,,,,,,,,,,,37.18,
2020,r20:2111,SMB 38,,Miramichi Lake,993,NB,0.8 uM nylon (1L),46.463301,66.989402,2020-08-21,12:30,UI,,2020-08-21,13:17,30 min,650,,,,eDNA V1.02,,20R047,H3,20200302#2,2020-08-26,Undetermined,,Undetermined,,,,,,,,,,,,35.91,
2020,r20:2112,SMB 39,,Miramichi Lake,993,NB,0.8 uM nylon (1L),46.463301,66.989402,2020-08-21,12:30,UI,,2020-08-21,13:17,30 min,650,,,,eDNA V1.02,,20R047,A4,20200302#2,2020-08-26,Undetermined,,Undetermined,,,,,,,,,,,,36.85,
2020,r20:2113,SMB 40,,Miramichi Lake,995,NB,0.8 uM nylon (1L),46.459786,66.967846,2020-08-21,12:47,UI,,2020-08-21,13:18,30 min,650,,,,eDNA V1.02,,20R047,B4,20200302#2,2020-08-26,Undetermined,,Undetermined,,,,,,,,,,,,35.85,
2020,r20:2114,SMB 41,,Miramichi Lake,995,NB,0.8 uM nylon (1L),46.459786,66.967846,2020-08-21,12:47,UI,,2020-08-21,13:18,30 min,650,,,,eDNA V1.02,,20R047,C4,20200302#2,2020-08-26,35.13,,34.81,,,,,,,,,,,,37.26,
2020,r20:2115,SMB 42,,Miramichi Lake,995,NB,0.8 uM nylon (1L),46.459786,66.967846,2020-08-21,12:47,UI,,2020-08-21,13:18,30 min,650,,,,eDNA V1.02,,20R047,D4,20200302#2,2020-08-26,Undetermined,,Undetermined,,,,,,,,,,,,36.55,
2020,r20:2088,SMB 1,1,Miramichi Lake,994 (16),NB,0.8 uM nylon (1L),46.462735,66.965679,2020-08-21,10:38,UI,Collected downwind of fyke nets,2020-08-21,9:20,30 min,700,,Unused field filters,,eDNA V1.02,,20R047,A1,20200302#2,2020-08-26,Undetermined,,Undetermined,,,,,28.68,,28.3,,,,,37.19,
2020,r20:2089,SMB 2,2,Miramichi Lake,994 (16),NB,0.8 uM nylon (1L),46.462735,66.965679,2020-08-21,10:38,UI,,2020-08-21,9:20,30 min,600,,Unused field filters,,eDNA V1.02,,20R047,B1,20200302#2,2020-08-26,Undetermined,,Undetermined,,,,,28.44,,28.84,,,,,37.13,
2020,r20:2090,SMB 3,3,Miramichi Lake,994 (16),NB,0.8 uM nylon (1L),46.462735,66.965679,2020-08-21,10:39,UI,,2020-08-21,9:20,30 min,600,,Unused field filters,,eDNA V1.02,,20R047,C1,20200302#2,2020-08-26,Undetermined,,Undetermined,,,,,28.75,,28.28,,,,,36.58,
2020,r20:2091,SMB 4,4,Miramichi Lake,994 (16),NB,0.45 uM nylon (1L),46.462735,66.965679,2020-08-21,10:40,UI,,2020-08-21,9:44,30 min,450,,Unused field filters,,eDNA V1.02,,20R047,D1,20200302#2,2020-08-26,Undetermined,,Undetermined,,,,,28.99,,28.96,,,,,36.69,
2020,r20:2092,SMB 5,5,Miramichi Lake,994 (16),NB,0.45 uM nylon (1L),46.462735,66.965679,2020-08-21,10:40,UI,,2020-08-21,9:44,30 min,400,,Unused field filters,,eDNA V1.02,,20R047,E1,20200302#2,2020-08-26,Undetermined,,Undetermined,,,,,29.22,,28.87,,,,,37.21,
2020,r20:2093,SMB 6,6,Miramichi Lake,994 (16),NB,0.45 uM nylon (1L),46.462735,66.965679,2020-08-21,10:41,UI,,2020-08-21,9:44,30 min,475,,Unused field filters,,eDNA V1.02,,20R047,F1,20200302#2,2020-08-26,Undetermined,,Undetermined,,,,,28.53,,28.8,,,,,36.06,
2020,r20:2095,SMB 7,7,Miramichi Lake,994 (16),NB,0.7 uM GF (1L),46.462735,66.965679,2020-08-21,10:41,UI,,2020-08-21,10:00,7 min,1000,,Unused field filters,,eDNA V1.02,,20R047,H1,20200302#2,2020-08-26,Undetermined,,Undetermined,,,,,28.13,,28.43,,,,,36.75,
2020,r20:2096,SMB 8,8,Miramichi Lake,994 (16),NB,0.7 uM GF (1L),46.462735,66.965679,2020-08-21,10:42,UI,,2020-08-21,10:00,7 min,1000,,Unused field filters,,eDNA V1.02,,20R047,A2,20200302#2,2020-08-26,Undetermined,,Undetermined,,,,,28.34,,28.33,,,,,36.48,
2020,r20:2097,SMB 9,9,Miramichi Lake,994 (16),NB,0.7 uM GF (1L),46.462735,66.965679,2020-08-21,10:43,UI,,2020-08-21,10:00,7 min,1000,,Unused field filters,,eDNA V1.02,,20R047,B2,20200302#2,2020-08-26,Undetermined,,Undetermined,,,,,28.14,,28.37,,,,,36.55,
2020,r20:2120,SMB 11,11,Miramichi Lake,994 (16),NB,0.7 uM GF (20L) peristaltic pump,46.462735,66.965679,2020-08-21,10:45,UI,,2020-08-20,12:39,11 min,1000,,Field Filtration,,eDNA V1.02,,20R047,A5,20200302#2,2020-08-26,35.96,,35.39,,,,,27.22,,27.23,,,,,37.67,
2020,r20:2121,SMB 25,25,Miramichi Lake,994 (16),NB,3 uM versapore (20L) peristaltic pump,46.462735,66.965679,2020-08-21,10:45,UI,,2020-08-20,,15 Min,2000,,Field Filtration,,eDNA V1.02,,20R047,B5,20200302#2,2020-08-26,34.36,,34.31,,,,,27.2,,27.45,,,,,36.57,
2020,r20:2122,SMB 26,26,Miramichi Lake,994 (16),NB,3 uM versapore (20L) peristaltic pump,46.462735,66.965679,2020-08-21,10:45,UI,,2020-08-20,,15 min,1500,,Field Filtration,,eDNA V1.02,,20R047,C5,20200302#2,2020-08-26,34.28,,37.45,,,,,27.26,,27.44,,,,,36.92,
2020,,SMB 27,27,Miramichi Lake,994 (16),NB,3 uM versapore (20L) peristaltic pump,,,2020-08-21,,,,,,,,,,,,,,,,,,,,,,,,,,,,,,,,
2020,r20:2098,SMB 28,,Miramichi Lake,bank sampling,NB,0.8 uM nylon (1L),,,2020-08-21,12:55,MH,,2020-08-21,10:35,30 min,750,,,,eDNA V1.02,,20R047,C2,20200302#2,2020-08-26,Undetermined,,Undetermined,,,,,29.5,,29.38,,,,,35.99,
2020,r20:2099,SMB 29,,Miramichi Lake,bank sampling,NB,0.8 uM nylon (1L),,,2020-08-21,12:56,MH,,2020-08-21,10:35,30 min,750,,,,eDNA V1.02,,20R047,D2,20200302#2,2020-08-26,35.68,,36.35,,,,,30.18,,30.17,,,,,35.6,
2020,r20:2100,SMB 30,,Miramichi Lake,bank sampling,NB,0.8 uM nylon (1L),,,2020-08-21,12:57,MH,,2020-08-21,10:47,30 min,750,,,,eDNA V1.02,,20R047,E2,20200302#2,2020-08-26,36.18,,Undetermined,,,,,29.43,,28.83,,,,,35.84,
2020,r20:2117,SMB 43,,Lake Brook,site 17,NB,0.8 uM nylon (1L),46.463684,66.964937,2020-08-21,13:05,FL,,2020-08-21,14:10,30 min,750,,,,eDNA V1.02,,20R047,F4,20200302#2,2020-08-26,35.75,,35.82,,,,,29.6,,29.72,,,,,36.8,
2020,r20:2118,SMB 44,,Lake Brook,site 17,NB,0.8 uM nylon (1L),46.463684,66.964937,2020-08-21,13:05,FL,,2020-08-21,14:10,30 min,800,,,,eDNA V1.02,,20R047,G4,20200302#2,2020-08-26,34.66,,33.33,,,,,29.42,,29.67,,,,,35.8,
2020,r20:2119,SMB 45,,Lake Brook,site 17,NB,0.8 uM nylon (1L),46.463684,66.964937,2020-08-21,13:05,FL,,2020-08-21,14:10,30 min,750,,,,eDNA V1.02,,20R047,H4,20200302#2,2020-08-26,35.17,,Undetermined,,,,,29.49,,29.76,,,,,36.8,
2020,r20:2207,SMB 52,16,Argyle Lake,Argyle 1,NB,0.8 uM nylon (1L),46.520965,-67.336741,2020-08-26,16:45,Uli & Daniel,"Water temp : 18.5C, sediment present in water sample",2020-08-27,11:32,25 min,100,Lab 245 (GFC-MBU-514),,,eDNA V1.02,,20R047,E9,20190917#10,2020-09-02,Undetermined,,Undetermined,,,,,,,,,,,,34.22,
2020,r20:2209,SMB 53,17,Argyle Lake,Argyle 1,NB,0.8 uM nylon (1L),46.520965,-67.336741,2020-08-26,16:45,Uli & Daniel,"Water temp : 18.5C, sediment present in water sample",2020-08-27,11:32,25 min,100,Lab 245 (GFC-MBU-514),,,eDNA V1.02,,20R047,G9,20190917#10,2020-09-02,Undetermined,,Undetermined,,,,,,,,,,,,34.32,
2020,r20:2210,SMB 54,18,Argyle Lake,Argyle 1,NB,0.8 uM nylon (1L),46.520965,-67.336741,2020-08-26,16:45,Uli & Daniel,"Water temp : 18.5C, sediment present in water sample",2020-08-27,11:32,25 min,150,Lab 245 (GFC-MBU-514),,,eDNA V1.02,,20R047,H9,20190917#10,2020-09-02,Undetermined,,Undetermined,,,,,,,,,,,,34.41,
2020,r20:2211,SMB 55,19,Argyle Lake,Argyle 2,NB,0.8 uM nylon (1L),46.521279,-67.33706,2020-08-26,16:55,Uli & Daniel,"Water temp : 18.5C, sediment present in water sample",2020-08-27,11:32,25 min,100,Lab 245 (GFC-MBU-514),,,eDNA V1.02,,20R047,A10,20190917#10,2020-09-02,Undetermined,,Undetermined,,,,,,,,,,,,33.44,
2020,r20:2212,SMB 56,20,Argyle Lake,Argyle 2,NB,0.8 uM nylon (1L),46.521279,-67.33706,2020-08-26,16:55,Uli & Daniel,"Water temp : 18.5C, sediment present in water sample",2020-08-27,11:32,25 min,100,Lab 245 (GFC-MBU-514),,,eDNA V1.02,,20R047,B10,200302#2,2020-09-02,Undetermined,,Undetermined,,,,,,,,,,,,37.06,Bad Panda Spike-in Aliquot
2020,r20:2213,SMB 57,21,Argyle Lake,Argyle 2,NB,0.8 uM nylon (1L),46.521279,-67.33706,2020-08-26,16:55,Uli & Daniel,"Water temp : 18.5C, sediment present in water sample",2020-08-27,12:16,20 min,200,Lab 245 (GFC-MBU-514),,,eDNA V1.02,,20R047,C10,200302#2,2020-09-02,Undetermined,,Undetermined,,,,,,,,,,,,Undetermined,Bad Panda Spike-in Aliquot
2020,r20:2204,SMB 49,13,SMW River,Site 13,NB,0.8 uM nylon (1L),46.5350253,-66.88127472,2020-08-26,15:15,Uli & Daniel,Water temp : 20C,2020-08-27,11:06,15 min,1000,Lab 245 (GFC-MBU-514),,,eDNA V1.02,,20R047,B9,20190917#10,2020-09-02,Undetermined,,36.21,,,,,,,,,,,,34.13,
2020,r20:2205,SMB 50,14,SMW River,Site 13,NB,0.8 uM nylon (1L),46.5350253,-66.88127472,2020-08-26,15:15,Uli & Daniel,Water temp : 20C,2020-08-27,11:06,15 min,1000,Lab 245 (GFC-MBU-514),,,eDNA V1.02,,20R047,C9,20190917#10,2020-09-02,38.4,,Undetermined,,,,,,,,,,,,34.28,
,r20:2206,SMB 51,15,SMW River,Site 13,NB,0.8 uM nylon (1L),46.5350253,-66.88127472,2020-08-26,15:15,Uli & Daniel,Water temp : 20C,2020-08-27,11:32,25 min,1000,Lab 245 (GFC-MBU-514),,,eDNA V1.02,,20R047,D9,20190917#10,2020-09-02,Undetermined,,Undetermined,,,,,,,,,,,,34.27,
2020,r20:2190,SMB 37,4,SMW River,Site 14,NB,0.8 uM nylon (1L),46.54391,-66.85485,2020-08-26,12:25,Uli & Daniel,Water temp : 18C,2020-08-27,9:18,15 min,1000,Lab 245 (GFC-MBU-514),,,eDNA V1.02,,20R047,D7,20190917#10,2020-09-02,Undetermined,,Undetermined,,,,,,,,,,,,34.58,
2020,r20:2191,SMB 38,5,SMW River,Site 14,NB,0.8 uM nylon (1L),46.54391,-66.85485,2020-08-26,12:25,Uli & Daniel,Water temp : 18C,2020-08-27,9:18,15 min,1000,Lab 245 (GFC-MBU-514),,,eDNA V1.02,,20R047,E7,20190917#10,2020-09-02,Undetermined,,35.95,,,,,,,,,,,,34.33,
2020,r20:2193,SMB 40,6,SMW River,Site 14,NB,0.8 uM nylon (1L),46.54391,-66.85485,2020-08-26,12:25,Uli & Daniel,Water temp : 18C,2020-08-27,10:18,20 min,1000,Lab 245 (GFC-MBU-514),,,eDNA V1.02,,20R047,G7,20190917#10,2020-09-02,Undetermined,,Undetermined,,,,,,,,,,,,34.5,
2020,r20:2194,SMB 41,7,SMW River,Site 15,NB,0.8 uM nylon (1L),46.55547,-66.84771,2020-08-26,13:00,Uli & Daniel,,2020-08-27,10:18,20 min,1000,Lab 245 (GFC-MBU-514),,,eDNA V1.02,,20R047,H7,20190917#10,2020-09-02,Undetermined,,Undetermined,,,,,,,,,,,,34.21,
2020,r20:2195,SMB 42,8,SMW River,Site 15,NB,0.8 uM nylon (1L),46.55547,-66.84771,2020-08-26,13:00,Uli & Daniel,,2020-08-27,10:18,20 min,250,Lab 245 (GFC-MBU-514),"White part of filter funnel was the wrong side, filtered 750mL on another filter",,eDNA V1.02,,20R047,A8,20190917#10,2020-09-02,Undetermined,,Undetermined,,,,,,,,,,,,34.53,
,r20:2200,SMB 42 (2),8,SMW River,Site 15,NB,0.8 uM nylon (1L),46.55547,-66.84771,2020-08-26,13:00,Uli & Daniel,,2020-08-27,11:05,9 min,750,Lab 245 (GFC-MBU-514),See SMB 42,,eDNA V1.02,,20R047,F8,20190917#10,2020-09-02,Undetermined,,Undetermined,,,,,,,,,,,,34.55,
2020,r20:2196,SMB 43,9,SMW River,Site 15,NB,0.8 uM nylon (1L),46.55547,-66.84771,2020-08-26,13:00,Uli & Daniel,,2020-08-27,10:19,22 min,1000,Lab 245 (GFC-MBU-514),Water sample dirty,,eDNA V1.02,,20R047,B8,20190917#10,2020-09-02,Undetermined,,Undetermined,,,,,,,,,,,,34.45,
2020,r20:2198,SMB 44,10,SMW River,Site 16,NB,0.8 uM nylon (1L),46.56257,-66.832,2020-08-26,13:25,Uli & Daniel,Water temp : 19C,2020-08-27,10:19,12 min,1000,Lab 245 (GFC-MBU-514),,,eDNA V1.02,,20R047,D8,20190917#10,2020-09-02,Undetermined,,Undetermined,,,,,,,,,,,,33.93,
2020,r20:2202,SMB 47,11,SMW River,Site 16,NB,0.8 uM nylon (1L),46.56257,-66.832,2020-08-26,13:25,Uli & Daniel,Water temp : 19C,2020-08-27,11:05,15 min,1000,Lab 245 (GFC-MBU-514),,,eDNA V1.02,,20R047,H8,20190917#10,2020-09-02,Undetermined,,Undetermined,,,,,,,,,,,,34.51,
2020,r20:2203,SMB 48,12,SMW River,Site 16,NB,0.8 uM nylon (1L),46.56257,-66.832,2020-08-26,13:25,Uli & Daniel,Water temp : 19C,2020-08-27,11:06,13 min,1000,Lab 245 (GFC-MBU-514),,,eDNA V1.02,,20R047,A9,20190917#10,2020-09-02,Undetermined,,Undetermined,,,,,,,,,,,,34.32,
2020,r20:2214,SMB 58,22,Biggar Brook Pool,Site 31,NB,0.8 uM nylon (1L),46.510534,-67.113696,2020-08-26,17:15,Uli & Daniel,Water temp : 17.5C,2020-08-27,12:16,20 min,600,Lab 245 (GFC-MBU-514),,,eDNA V1.02,,20R047,D10,200302#2,2020-09-02,Undetermined,,Undetermined,,,,,,,,,,,,Undetermined,Bad Panda Spike-in Aliquot
2020,r20:2216,SMB 60,23,Biggar Brook Pool,Site 31,NB,0.8 uM nylon (1L),46.510534,-67.113696,2020-08-26,17:15,Uli & Daniel,Water temp : 17.5C,2020-08-27,12:17,25 min,700,Lab 245 (GFC-MBU-514),,,eDNA V1.02,,20R047,F10,200302#2,2020-09-02,Undetermined,,Undetermined,,,,,,,,,,,,39.36,Bad Panda Spike-in Aliquot
2020,r20:2217,SMB 61,24,Biggar Brook Pool,Site 31,NB,0.8 uM nylon (1L),46.510534,-67.113696,2020-08-26,17:15,Uli & Daniel,Water temp : 17.5C,2020-08-27,12:17,25 min,700,Lab 245 (GFC-MBU-514),,,eDNA V1.02,,20R047,G10,200302#2,2020-09-02,Undetermined,,Undetermined,,,,,,,,,,,,Undetermined,Bad Panda Spike-in Aliquot
2020,r20:2187,SMB 34,1,SMW River,Site 5,NB,0.8 uM nylon (1L),46.507534,-66.949769,2020-08-26,10:35,Uli & Daniel,Water temp : 18C,2020-08-27,9:17,30 min,1000,Lab 245 (GFC-MBU-514),,,eDNA V1.02,,20R047,A7,20190917#10,2020-09-02,35.47,,34.18,,,,,,,,,,,,34.22,
2020,r20:2188,SMB 35,2,SMW River,Site 5,NB,0.8 uM nylon (1L),46.507534,-66.949769,2020-08-26,10:35,Uli & Daniel,Water temp : 18C,2020-08-27,9:17,30 min,1000,Lab 245 (GFC-MBU-514),,,eDNA V1.02,,20R047,B7,20190917#10,2020-09-02,35.97,,35.36,,,,,,,,,,,,34.51,
2020,r20:2189,SMB 36,3,SMW River,Site 5,NB,0.8 uM nylon (1L),46.507534,-66.949769,2020-08-26,10:35,Uli & Daniel,Water temp : 18C,2020-08-27,9:17,40 min,1000,Lab 245 (GFC-MBU-514),,,eDNA V1.02,,20R047,C7,20190917#10,2020-09-02,34.94,,37.1,,,,,,,,,,,,34.18,
2020,r20:2525,SMB 74,11,Miramichi Lake,5,NB,0.8 uM nylon (1L),46.507534,-66.949769,2020-09-01,16:30,Uli & Pascal,Water temp : 18C,2020-09-02,9:41,25 min,1000,Lab 245 (GFC-MBU-514),,2020-09-10,eDNA V1.02,,20R056,C9,200302#5,2020-09-21,35.48,,36.01,,,,,,,,,,,,32.75,
2020,r20:2526,SMB 75,12,Miramichi Lake,5,NB,0.8 uM nylon (1L),46.507534,-66.949769,2020-09-01,16:30,Uli & Pascal,Water temp : 18C,2020-09-02,10:24,17 min,1000,Lab 245 (GFC-MBU-514),,2020-09-10,eDNA V1.02,,20R056,D9,200302#5,2020-09-21,Undetermined,,Undetermined,,,,,,,,,,,,32.91,
2020,r20:2527,SMB 76,13,Miramichi Lake,5,NB,0.8 uM nylon (1L),46.507534,-66.949769,2020-09-01,16:30,Uli & Pascal,Water temp : 18C,2020-09-02,10:24,15 min,1000,Lab 245 (GFC-MBU-514),,2020-09-10,eDNA V1.02,,20R056,E9,200302#5,2020-09-21,36.55,,35.94,,,,,,,,,,,,32.58,
2020,r20:2516,SMB 66,4,Miramichi Lake,17,NB,0.8 uM nylon (1L),46.5737,-66.81342,2020-09-01,14:00,Uli & Pascal,Water temp : 17C,2020-09-02,8:59,12 min,1000,Lab 245 (GFC-MBU-514),,2020-09-10,eDNA V1.02,,20R056,B8,200302#5,2020-09-21,Undetermined,,Undetermined,,,,,,,,,,,,32.76,
2020,r20:2517,SMB 67,5,Miramichi Lake,17,NB,0.8 uM nylon (1L),46.5737,-66.81342,2020-09-01,14:00,Uli & Pascal,Water temp : 17C,2020-09-02,8:59,12 min,1000,Lab 245 (GFC-MBU-514),,2020-09-10,eDNA V1.02,,20R056,C8,200302#5,2020-09-21,Undetermined,,Undetermined,,,,,,,,,,,,32.78,
2020,r20:2519,SMB 69,6,Miramichi Lake,17,NB,0.8 uM nylon (1L),46.5737,-66.81342,2020-09-01,14:00,Uli & Pascal,Water temp : 17C,2020-09-02,9:41,8 min,1000,Lab 245 (GFC-MBU-514),,2020-09-10,eDNA V1.02,,20R056,E8,200302#5,2020-09-21,Undetermined,,Undetermined,,,,,,,,,,,,32.96,
2020,r20:2513,SMB 63,1,Miramichi Lake,18,NB,0.8 uM nylon (1L),46.58102,-66.75007,2020-09-01,12:30,Uli & Pascal,Water temp : 10.5C,2020-09-02,8:58,8 min,1000,Lab 245 (GFC-MBU-514),,2020-09-10,eDNA V1.02,,20R056,G7,200302#5,2020-09-21,Undetermined,,Undetermined,,,,,,,,,,,,32.65,
2020,r20:2514,SMB 64,2,Miramichi Lake,18,NB,0.8 uM nylon (1L),46.58102,-66.75007,2020-09-01,12:30,Uli & Pascal,Water temp : 10.5C,2020-09-02,8:58,6 min,1000,Lab 245 (GFC-MBU-514),,2020-09-10,eDNA V1.02,,20R056,H7,200302#5,2020-09-21,Undetermined,,Undetermined,,,,,,,,,,,,32.9,
2020,r20:2515,SMB 65,3,Miramichi Lake,18,NB,0.8 uM nylon (1L),46.58102,-66.75007,2020-09-01,12:30,Uli & Pascal,Water temp : 10.5C,2020-09-02,8:58,8 min,1000,Lab 245 (GFC-MBU-514),,2020-09-10,eDNA V1.02,,20R056,A8,200302#5,2020-09-21,Undetermined,,Undetermined,,,,,,,,,,,,33.12,
2020,r20:2529,SMB 78,14,Miramichi Lake,31,NB,0.8 uM nylon (1L),46.510534,67.113696,2020-09-01,17:10,Uli & Pascal,Water temp : 18C,2020-09-02,10:25,15 min,1000,Lab 245 (GFC-MBU-514),,2020-09-10,eDNA V1.02,,20R056,G9,200302#5,2020-09-21,Undetermined,,Undetermined,,,,,,,,,,,,32.78,
2020,r20:2530,SMB 79,15,Miramichi Lake,31,NB,0.8 uM nylon (1L),46.510534,67.113696,2020-09-01,17:10,Uli & Pascal,Water temp : 18C,2020-09-02,10:25,17 min,1000,Lab 245 (GFC-MBU-514),,2020-09-10,eDNA V1.02,,20R056,H9,200302#5,2020-09-21,Undetermined,,Undetermined,,,,,,,,,,,,32.69,
2020,r20:2531,SMB 80,16,Miramichi Lake,31,NB,0.8 uM nylon (1L),46.510534,67.113696,2020-09-01,17:10,Uli & Pascal,Water temp : 18C,2020-09-02,10:25,15 min,1000,Lab 245 (GFC-MBU-514),,2020-09-10,eDNA V1.02,,20R056,A10,200302#5,2020-09-21,Undetermined,,Undetermined,,,,,,,,,,,,32.96,
2020,r20:2520,SMB 70,7,Miramichi Lake,Napadogan Lake,NB,0.8 uM nylon (1L),46.412958,-60.946696,2020-09-01,15:20,Uli & Pascal,Water temp : 18C,2020-09-02,9:41,20 min,450,Lab 245 (GFC-MBU-514),Stopped filtration,2020-09-10,eDNA V1.02,,20R056,F8,200302#5,2020-09-21,Undetermined,,Undetermined,,,,,,,,,,,,32.84,
2020,r20:2522,SMB 72,8,Miramichi Lake,Napadogan Lake,NB,0.8 uM nylon (1L),46.412958,-60.946696,2020-09-01,15:20,Uli & Pascal,Water temp : 18C,2020-09-02,9:41,25 min,475,Lab 245 (GFC-MBU-514),Stopped filtration,2020-09-10,eDNA V1.02,,20R056,H8,200302#5,2020-09-21,Undetermined,,Undetermined,,,,,,,,,,,,32.78,
2020,r20:2523,SMB 73,10,Miramichi Lake,Napadogan Lake,NB,0.8 uM nylon (1L),46.412958,-60.946696,2020-09-01,15:20,Uli & Pascal,Water temp : 18C,2020-09-02,9:41,25 min,425,Lab 245 (GFC-MBU-514),Stopped filtration,2020-09-10,eDNA V1.02,,20R056,A9,200302#5,2020-09-21,Undetermined,,Undetermined,,,,,,,,,,,,32.54,
2020,r20:2532,SMB 81,17,Miramichi Lake,Nashwaak Lake,NB,0.8 uM nylon (1L),46.467876,-67.120364,2020-09-01,17:35,Uli & Pascal,Water temp : 20C,2020-09-02,11:02,13 min,1000,Lab 245 (GFC-MBU-514),,2020-09-10,eDNA V1.02,,20R056,B10,200302#5,2020-09-21,Undetermined,,Undetermined,,,,,,,,,,,,33.17,
2020,r20:2533,SMB 82,18,Miramichi Lake,Nashwaak Lake,NB,0.8 uM nylon (1L),46.467876,-67.120364,2020-09-01,17:35,Uli & Pascal,Water temp : 20C,2020-09-02,11:02,10 min,1000,Lab 245 (GFC-MBU-514),,2020-09-10,eDNA V1.02,,20R056,C10,200302#5,2020-09-21,Undetermined,,Undetermined,,,,,,,,,,,,32.94,
2020,r20:2534,SMB 83,19,Miramichi Lake,Nashwaak Lake,NB,0.8 uM nylon (1L),46.467876,-67.120364,2020-09-01,17:35,Uli & Pascal,Water temp : 20C,2020-09-02,11:02,10 min,1000,Lab 245 (GFC-MBU-514),,2020-09-10,eDNA V1.02,,20R056,D10,200302#5,2020-09-21,Undetermined,,Undetermined,,,,,,,,,,,,32.67,
2020,r20:2586,SMB 103,16,Southwest Miramichi,19,NB,0.8 uM nylon (1L),46.58554,-66.70118,2020-09-02,13:00,Uli & Rejean,Water temp : 18C,2020-09-03,9:58,6 min,1000,,,2020-09-14,eDNA V1.02,,20R059,E2,200302#4,2020-09-17,Undetermined,,Undetermined,,,,,,,,,,,,32.88,
2020,r20:2587,SMB 104,17,Southwest Miramichi,19,NB,0.8 uM nylon (1L),46.58554,-66.70118,2020-09-02,13:00,Uli & Rejean,Water temp : 18C,2020-09-03,10:21,7 min,1000,,,2020-09-14,eDNA V1.02,,20R059,F2,200302#4,2020-09-17,Undetermined,,36.82,,,,,,,,,,,,33.13,
2020,r20:2589,SMB 105,18,Southwest Miramichi,19,NB,0.8 uM nylon (1L),46.58554,-66.70118,2020-09-02,13:00,Uli & Rejean,Water temp : 18C,2020-09-03,10:21,6 min,1000,,,2020-09-14,eDNA V1.02,,20R059,H2,200302#4,2020-09-17,Undetermined,,Undetermined,,,,,,,,,,,,32.86,
2020,r20:2582,SMB 99,13,Southwest Miramichi,20,NB,0.8 uM nylon (1L),46.60063,-66.63863,2020-09-02,11:35,Uli & Rejean,Water temp : 17C,2020-09-03,9:57,8 min,1000,,,2020-09-14,eDNA V1.02,,20R059,A2,200302#4,2020-09-17,Undetermined,,Undetermined,,,,,,,,,,,,33.14,
2020,r20:2584,SMB 101,14,Southwest Miramichi,20,NB,0.8 uM nylon (1L),46.60063,-66.63863,2020-09-02,11:35,Uli & Rejean,Water temp : 17C,2020-09-03,9:58,6 min,1000,,,2020-09-14,eDNA V1.02,,20R059,C2,200302#4,2020-09-17,Undetermined,,Undetermined,,,,,,,,,,,,32.99,
2020,r20:2585,SMB 102,15,Southwest Miramichi,20,NB,0.8 uM nylon (1L),46.60063,-66.63863,2020-09-02,11:35,Uli & Rejean,Water temp : 17C,2020-09-03,9:58,7 min,1000,,,2020-09-14,eDNA V1.02,,20R059,D2,200302#4,2020-09-17,Undetermined,,Undetermined,,,,,,,,,,,,33.08,
2020,r20:2579,SMB 96,10,Southwest Miramichi,21,NB,0.8 uM nylon (1L),46.56006,-66.55818,2020-09-02,11:10,Uli & Rejean,Water temp : 17C,2020-09-03,9:32,7 min,1000,,,2020-09-14,eDNA V1.02,,20R059,F1,200302#4,2020-09-17,Undetermined,,Undetermined,,,,,,,,,,,,32.93,
2020,r20:2580,SMB 97,11,Southwest Miramichi,21,NB,0.8 uM nylon (1L),46.56006,-66.55818,2020-09-02,11:10,Uli & Rejean,Water temp : 17C,2020-09-03,9:32,7 min,1000,,,2020-09-14,eDNA V1.02,,20R059,G1,200302#4,2020-09-17,Undetermined,,Undetermined,,,,,,,,,,,,33.08,
2020,r20:2581,SMB 98,12,Southwest Miramichi,21,NB,0.8 uM nylon (1L),46.56006,-66.55818,2020-09-02,11:10,Uli & Rejean,Water temp : 17C,2020-09-03,9:57,7 min,1000,,,2020-09-14,eDNA V1.02,,20R059,H1,200302#4,2020-09-17,Undetermined,,Undetermined,,,,,,,,,,,,33.26,
2020,r20:2540,SMB 89,4,Bloomfield Ridge,22,NB,0.8 uM nylon (1L),46.48188,-66.47978,2020-09-02,10:10,Uli & Rejean,Water temp : 16C,2020-09-03,9:10,6 min,1000,,,2020-09-10,eDNA V1.02,,20R056,B11,200302#5,2020-09-21,Undetermined,,Undetermined,,,,,,,,,,,,32.89,
2020,r20:2541,SMB 90,5,Bloomfield Ridge,22,NB,0.8 uM nylon (1L),46.48188,-66.47978,2020-09-02,10:10,Uli & Rejean,Water temp : 16C,2020-09-03,9:10,5 min,1000,,,2020-09-10,eDNA V1.02,,20R056,C11,200302#5,2020-09-21,Undetermined,,Undetermined,,,,,,,,,,,,32.96,
2020,r20:2575,SMB 92,6,Bloomfield Ridge,22,NB,0.8 uM nylon (1L),46.48188,-66.47978,2020-09-02,10:10,Uli & Rejean,Water temp : 16C,2020-09-03,9:31,7 min,1000,,,2020-09-14,eDNA V1.02,,20R059,B1,200302#4,2020-09-17,Undetermined,,Undetermined,,,,,,,,,,,,32.91,
2020,r20:2576,SMB 93,7,Hayesville,23,NB,0.8 uM nylon (1L),46.51649,-66.51611,2020-09-02,10:30,Uli & Rejean,Water temp : 17C,2020-09-03,9:31,7 min,1000,,,2020-09-14,eDNA V1.02,,20R059,C1,200302#4,2020-09-17,Undetermined,,Undetermined,,,,,,,,,,,,33.04,
2020,r20:2577,SMB 94,8,Hayesville,23,NB,0.8 uM nylon (1L),46.51649,-66.51611,2020-09-02,10:30,Uli & Rejean,Water temp : 17C,2020-09-03,9:31,7 min,1000,,,2020-09-14,eDNA V1.02,,20R059,D1,200302#4,2020-09-17,Undetermined,,Undetermined,,,,,,,,,,,,33.19,
2020,r20:2578,SMB 95,9,Hayesville,23,NB,0.8 uM nylon (1L),46.51649,-66.51611,2020-09-02,10:30,Uli & Rejean,Water temp : 17C,2020-09-03,9:32,7 min,1000,,,2020-09-14,eDNA V1.02,,20R059,E1,200302#4,2020-09-17,Undetermined,,Undetermined,,,,,,,,,,,,32.81,
2020,r20:2537,SMB 86,1,Bioestown,24,NB,0.8 uM nylon (1L),46.454057,-66.423008,2020-09-02,9:45,Uli & Rejean,Water temp : 14C,2020-09-03,9:09,7 min,1000,,Dropped filter while putting in tube (on clean surface),2020-09-10,eDNA V1.02,,20R056,G10,200302#5,2020-09-21,Undetermined,,Undetermined,,,,,,,,,,,,32.81,
2020,r20:2538,SMB 87,2,Bioestown,24,NB,0.8 uM nylon (1L),46.454057,-66.423008,2020-09-02,9:45,Uli & Rejean,Water temp : 14C,2020-09-03,9:09,7 min,1000,,,2020-09-10,eDNA V1.02,,20R056,H10,200302#5,2020-09-21,Undetermined,,Undetermined,,,,,,,,,,,,32.54,
2020,r20:2539,SMB 88,3,Bioestown,24,NB,0.8 uM nylon (1L),46.454057,-66.423008,2020-09-02,9:45,Uli & Rejean,Water temp : 14C,2020-09-03,9:09,7 min,1000,,,2020-09-10,eDNA V1.02,,20R056,A11,200302#5,2020-09-21,Undetermined,,Undetermined,,,,,,,,,,,,33.36,
2020,r20:2597,SMB 113,25,Southwest Miramichi,Blackville 1,NB,0.8 uM nylon (1L),46.734313,-65.824156,2020-09-02,16:15,Uli & Rejean,Water temp : 20C,2020-09-03,11:20,10 min,1000,,,2020-09-14,eDNA V1.02,,20R059,H3,200302#4,2020-09-17,Undetermined,,Undetermined,,,,,,,,,,,,33.05,
2020,r20:2598,SMB 114,26,Southwest Miramichi,Blackville 1,NB,0.8 uM nylon (1L),46.734313,-65.824156,2020-09-02,16:15,Uli & Rejean,Water temp : 20C,2020-09-03,11:20,10 min,1000,,,2020-09-14,eDNA V1.02,,20R059,A4,200302#4,2020-09-17,Undetermined,,Undetermined,,,,,,,,,,,,32.93,
2020,r20:2600,SMB 116,27,Southwest Miramichi,Blackville 1,NB,0.8 uM nylon (1L),46.734313,-65.824156,2020-09-02,16:15,Uli & Rejean,Water temp : 20C,2020-09-03,12:03,10 min,1000,,,2020-09-14,eDNA V1.02,,20R059,C4,200302#4,2020-09-17,Undetermined,,Undetermined,,,,,,,,,,,,32.98,
2020,r20:2601,SMB 117,28,Southwest Miramichi,Blackville 2,NB,0.8 uM nylon (1L),46.738442,-65.829516,2020-09-02,16:35,Uli & Rejean,Water temp : 19C,2020-09-03,12:03,12 min,1000,,,2020-09-14,eDNA V1.02,,20R059,D4,200302#4,2020-09-17,Undetermined,,Undetermined,,,,,,,,,,,,32.97,
2020,r20:2635,SMB 119,29,Southwest Miramichi,Blackville 2,NB,0.8 uM nylon (1L),46.738442,-65.829516,2020-09-02,16:35,Uli & Rejean,Water temp : 19C,2020-09-03,12:03,12 min,1000,,,2020-09-15,eDNA V1.02,,20R059,A7,200302#4,2020-09-17,Undetermined,,Undetermined,,,,,,,,,,,,32.61,
2020,r20:2636,SMB 120,30,Southwest Miramichi,Blackville 2,NB,0.8 uM nylon (1L),46.738442,-65.829516,2020-09-02,16:35,Uli & Rejean,Water temp : 19C,2020-09-03,12:03,10 min,1000,,,2020-09-15,eDNA V1.02,,20R059,B7,200302#4,2020-09-17,Undetermined,,Undetermined,,,,,,,,,,,,32.99,
2020,r20:2591,SMB 107,19,Southwest Miramichi,Doaktown,NB,0.8 uM nylon (1L),46.560642,-66.122102,2020-09-02,15:00,Uli & Rejean,Water temp : 20C; Collected water samples from both sides of the river,2020-09-03,10:21,9 min,1000,,,2020-09-14,eDNA V1.02,,20R059,B3,200302#4,2020-09-17,Undetermined,,Undetermined,,,,,,,,,,,,32.88,
2020,r20:2592,SMB 108,20,Southwest Miramichi,Doaktown,NB,0.8 uM nylon (1L),46.560642,-66.122102,2020-09-02,15:00,Uli & Rejean,Water temp : 20C,2020-09-03,10:21,8 min,1000,,,2020-09-14,eDNA V1.02,,20R059,C3,200302#4,2020-09-17,Undetermined,,37.87,,,,,,,,,,,,33.17,
2020,r20:2593,SMB 109,21,Southwest Miramichi,Doaktown,NB,0.8 uM nylon (1L),46.560642,-66.122102,2020-09-02,15:00,Uli & Rejean,Water temp : 20C,2020-09-03,10:21,8 min,1000,,,2020-09-14,eDNA V1.02,,20R059,D3,200302#4,2020-09-17,Undetermined,,Undetermined,,,,,,,,,,,,32.87,
2020,r20:2594,SMB 110,22,Southwest Miramichi,Gov Pool,NB,0.8 uM nylon (1L),46.560668,-66.122136,2020-09-02,15:45,Uli & Rejean,Water temp : 20C,2020-09-03,11:19,10 min,1000,,,2020-09-14,eDNA V1.02,,20R059,E3,200302#4,2020-09-17,Undetermined,,Undetermined,,,,,,,,,,,,33.13,
2020,r20:2595,SMB 111,23,Southwest Miramichi,Gov Pool,NB,0.8 uM nylon (1L),46.560668,-66.122136,2020-09-02,15:45,Uli & Rejean,Water temp : 20C,2020-09-03,11:19,13 min,1000,,,2020-09-14,eDNA V1.02,,20R059,F3,200302#4,2020-09-17,Undetermined,,Undetermined,,,,,,,,,,,,33.19,
2020,r20:2596,SMB 112,24,Southwest Miramichi,Gov Pool,NB,0.8 uM nylon (1L),46.560668,-66.122136,2020-09-02,15:45,Uli & Rejean,Water temp : 20C,2020-09-03,11:19,10 min,1000,,,2020-09-14,eDNA V1.02,,20R059,G3,200302#4,2020-09-17,Undetermined,,Undetermined,,,,,,,,,,,,32.97,
2020,r20:2660,SMB 143,19,Southwest Miramichi,5,NB,0.8 uM nylon (1L),46.507534,-66.949769,2020-09-10,15:10,Uli,Water temp : 18C,2020-09-11,11:11,15 min,1000,,,2020-09-15,eDNA V1.02,,20R059,B10,200302#6,2020-09-17,33.97,,35.26,,,,,,,,,,,,32.91,
2020,r20:2661,SMB 144,20,Southwest Miramichi,5,NB,0.8 uM nylon (1L),46.507534,-66.949769,2020-09-10,15:10,Rejean,Water temp : 18C,2020-09-11,11:11,25 min,1000,,,2020-09-15,eDNA V1.02,,20R059,C10,200302#6,2020-09-17,33.1,,Undetermined,,,,,,,,,,,,32.68,
2020,r20:2663,SMB 146,21,Southwest Miramichi,5,NB,0.8 uM nylon (1L),46.507534,-66.949769,2020-09-10,15:10,Rejean,Water temp : 18C,2020-09-11,11:45,20 min,1000,,,2020-09-15,eDNA V1.02,,20R059,E10,200302#6,2020-09-17,33.45,,34.01,,,,,,,,,,,,32.7,
2020,r20:2657,SMB 140,16,Southwest Miramichi,6,NB,0.8 uM nylon (1L),46.515988,-66.949097,2020-09-10,13:10,Uli,Water temp : 18C,2020-09-11,11:11,15 min,1000,,,2020-09-15,eDNA V1.02,,20R059,G9,200302#6,2020-09-17,36.45,,36.39,,,,,,,,,,,,32.76,
2020,r20:2658,SMB 141,17,Southwest Miramichi,6,NB,0.8 uM nylon (1L),46.515988,-66.949097,2020-09-10,13:10,Rejean,Water temp : 18C,2020-09-11,11:11,15 min,1000,,,2020-09-15,eDNA V1.02,,20R059,H9,200302#6,2020-09-17,34.29,,33.67,,,,,,,,,,,,32.98,
2020,r20:2659,SMB 142,18,Southwest Miramichi,6,NB,0.8 uM nylon (1L),46.515988,-66.949097,2020-09-10,13:10,Rejean,Water temp : 18C,2020-09-11,11:11,20 min,1000,,,2020-09-15,eDNA V1.02,,20R059,A10,200302#6,2020-09-17,37.21,,35.6,,,,,,,,,,,,32.61,
2020,r20:2645,SMB 129,7,Southwest Miramichi,7,NB,0.8 uM nylon (1L),46.516636,-66.9504,2020-09-10,12:20,Uli,Water temp : 16C,2020-09-11,9:54,7 min,1000,,,2020-09-15,eDNA V1.02,,20R059,C8,200302#4,2020-09-17,Undetermined,,Undetermined,,,,,,,,,,,,33.05,
2020,r20:2647,SMB 131,8,Southwest Miramichi,7,NB,0.8 uM nylon (1L),46.516636,-66.9504,2020-09-10,12:20,Rejean,Water temp : 16C,2020-09-11,9:54,6 min,1000,,,2020-09-15,eDNA V1.02,,20R059,E8,200302#4,2020-09-17,Undetermined,,Undetermined,,,,,,,,,,,,33.03,
2020,r20:2648,SMB 132,9,Southwest Miramichi,7,NB,0.8 uM nylon (1L),46.516636,-66.9504,2020-09-10,12:20,Rejean,Water temp : 16C,2020-09-11,9:54,6 min,1000,,,2020-09-15,eDNA V1.02,,20R059,F8,200302#4,2020-09-17,Undetermined,,Undetermined,,,,,,,,,,,,33.31,
2020,r20:2653,SMB 136,13,Southwest Miramichi,8,NB,0.8 uM nylon (1L),46.517199,-66.949108,2020-09-10,12:55,Uli,Water temp : 16C,2020-09-11,10:34,8 min,1000,,,2020-09-15,eDNA V1.02,,20R059,C9,200302#4,2020-09-17,Undetermined,,Undetermined,,,,,,,,,,,,33.21,
2020,r20:2654,SMB 137,14,Southwest Miramichi,8,NB,0.8 uM nylon (1L),46.517199,-66.949108,2020-09-10,12:55,Rejean,Water temp : 16C,2020-09-11,10:35,20 min,1000,,,2020-09-15,eDNA V1.02,,20R059,D9,200302#4,2020-09-17,36.67,,35.45,,,,,,,,,,,,33.3,
2020,r20:2655,SMB 138,15,Southwest Miramichi,8,NB,0.8 uM nylon (1L),46.517199,-66.949108,2020-09-10,12:55,Rejean,Water temp : 16C,2020-09-11,10:35,22 min,1000,,,2020-09-15,eDNA V1.02,,20R059,E9,200302#6,2020-09-17,36.28,,36.62,,,,,,,,,,,,32.6,
2020,r20:2649,SMB 133,10,Southwest Miramichi,9,NB,0.8 uM nylon (1L),46.519059,-66.94672,2020-09-10,12:40,Uli,Water temp : 16C,2020-09-11,9:54,9 min,1000,,,2020-09-15,eDNA V1.02,,20R059,G8,200302#4,2020-09-17,Undetermined,,Undetermined,,,,,,,,,,,,32.94,
2020,r20:2651,SMB 134,11,Southwest Miramichi,9,NB,0.8 uM nylon (1L),46.519059,-66.94672,2020-09-10,12:40,Rejean,Water temp : 16C,2020-09-11,10:34,18 min,1000,,,2020-09-15,eDNA V1.02,,20R059,A9,200302#4,2020-09-17,35.61,,36.36,,,,,,,,,,,,33.05,
2020,r20:2652,SMB 135,12,Southwest Miramichi,9,NB,0.8 uM nylon (1L),46.519059,-66.94672,2020-09-10,12:40,Rejean,Water temp : 16C,2020-09-11,10:34,22 min,1000,,,2020-09-15,eDNA V1.02,,20R059,B9,200302#4,2020-09-17,36.34,,34.82,,,,,,,,,,,,33.22,
2020,r20:2641,SMB 125,4,Southwest Miramichi,11,NB,0.8 uM nylon (1L),46.518384,-66.926386,2020-09-10,11:50,Uli,Water temp : 17C,2020-09-11,9:19,12 min,1000,,,2020-09-15,eDNA V1.02,,20R059,G7,200302#4,2020-09-17,Undetermined,,Undetermined,,,,,,,,,,,,33.09,
2020,r20:2642,SMB 126,5,Southwest Miramichi,11,NB,0.8 uM nylon (1L),46.518384,-66.926386,2020-09-10,11:50,Rejean,Water temp : 17C,2020-09-11,9:19,12 min,1000,,,2020-09-15,eDNA V1.02,,20R059,H7,200302#4,2020-09-17,36.49,,Undetermined,,,,,,,,,,,,33.32,
2020,r20:2644,SMB 128,6,Southwest Miramichi,11,NB,0.8 uM nylon (1L),46.518384,-66.926386,2020-09-10,11:50,Rejean,Water temp : 17C,2020-09-11,9:54,20 min,1000,,,2020-09-15,eDNA V1.02,,20R059,B8,200302#4,2020-09-17,Undetermined,,Undetermined,,,,,,,,,,,,32.92,
2020,r20:2638,SMB 122,1,Southwest Miramichi,13,NB,0.8 uM nylon (1L),46.5350253,-66.88127472,2020-09-10,10:30,Uli,Water temp : 16C,2020-09-11,9:18,12 min,1000,,,2020-09-15,eDNA V1.02,,20R059,D7,200302#4,2020-09-17,Undetermined,,Undetermined,,,,,,,,,,,,33.22,
2020,r20:2639,SMB 123,2,Southwest Miramichi,13,NB,0.8 uM nylon (1L),46.5350253,-66.88127472,2020-09-10,10:30,Rejean,Water temp : 16C,2020-09-11,9:18,12 min,1000,,,2020-09-15,eDNA V1.02,,20R059,E7,200302#4,2020-09-17,36.75,,Undetermined,,,,,,,,,,,,33.35,
2020,r20:2640,SMB 124,3,Southwest Miramichi,13,NB,0.8 uM nylon (1L),46.5350253,-66.88127472,2020-09-10,10:30,Rejean,Water temp : 16C,2020-09-11,9:18,12 min,1000,,,2020-09-15,eDNA V1.02,,20R059,F7,200302#4,2020-09-17,Undetermined,,Undetermined,,,,,,,,,,,,33,
2020,r20:2862,SMB 181,28,Barnaby,Barnaby 1,NB,0.8 uM nylon (1L),46.801757,-65.45304,2021-09-21,14:50,Uli,Water temp : 11C,2020-09-22,11:56,7 min,1000,Lab 245 (GFC-MBU-514),,2020-09-23,eDNA V1.02,,20R064,C5,200302#8,2020-09-28,Undetermined,,Undetermined,,,,,,,,,,,,35.73,
2020,r20:2999,SMB 182,29,Barnaby,Barnaby 1,NB,0.8 uM nylon (1L),46.801757,-65.45304,2021-09-21,14:50,Fabiola,Water temp : 11C,2020-09-22,11:56,7 min,1000,Lab 245 (GFC-MBU-514),,2020-09-24,eDNA V1.02,,20R064,A7,200302#8,2020-09-28,Undetermined,,Undetermined,,,,,,,,,,,,34.65,
2020,r20:3000,SMB 183,30,Barnaby,Barnaby 1,NB,0.8 uM nylon (1L),46.801757,-65.45304,2021-09-21,14:50,Fabiola,Water temp : 11C,2020-09-22,11:56,7 min,1000,Lab 245 (GFC-MBU-514),,2020-09-24,eDNA V1.02,,20R064,B7,200302#8,2020-09-28,Undetermined,,Undetermined,,,,,,,,,,,,35.58,
2020,r20:2857,SMB 176,25,Barnaby,Barnaby 2,NB,0.8 uM nylon (1L),46.859,-65.444164,2021-09-21,14:30,Fabiola,Water temp : 14C,2020-09-22,11:19,8 min,1000,Lab 245 (GFC-MBU-514),,2020-09-23,eDNA V1.02,,20R064,F4,200302#8,2020-09-28,Undetermined,,Undetermined,,,,,,,,,,,,36.27,
2020,r20:2859,SMB 178,26,Barnaby,Barnaby 2,NB,0.8 uM nylon (1L),46.859,-65.444164,2021-09-21,14:30,Uli,Water temp : 14C,2020-09-22,11:55,7 min,1000,Lab 245 (GFC-MBU-514),,2020-09-23,eDNA V1.02,,20R064,H4,200302#8,2020-09-28,Undetermined,,Undetermined,,,,,,,,,,,,35.42,
2020,r20:2860,SMB 179,27,Barnaby,Barnaby 2,NB,0.8 uM nylon (1L),46.859,-65.444164,2021-09-21,14:30,Uli,Water temp : 14C,2020-09-22,11:55,7 min,1000,Lab 245 (GFC-MBU-514),,2020-09-23,eDNA V1.02,,20R064,A5,200302#8,2020-09-28,Undetermined,,Undetermined,,,,,,,,,,,,35.2,
2020,r20:2854,SMB 173,22,Barnaby,Barnaby 3,NB,0.8 uM nylon (1L),46.885232,-65.515325,2021-09-21,14:00,Uli,Water temp : 12C,2020-09-22,11:18,8 min,1000,Lab 245 (GFC-MBU-514),,2020-09-23,eDNA V1.02,,20R064,C4,200302#8,2020-09-28,Undetermined,,Undetermined,,,,,,,,,,,,35.52,
2020,r20:2855,SMB 174,23,Barnaby,Barnaby 3,NB,0.8 uM nylon (1L),46.885232,-65.515325,2021-09-21,14:00,Uli,Water temp : 12C,2020-09-22,11:18,8 min,1000,Lab 245 (GFC-MBU-514),,2020-09-23,eDNA V1.02,,20R064,D4,200302#8,2020-09-28,Undetermined,,Undetermined,,,,,,,,,,,,34.96,
2020,r20:2856,SMB 175,24,Barnaby,Barnaby 3,NB,0.8 uM nylon (1L),46.885232,-65.515325,2021-09-21,14:00,Uli,Water temp : 12C,2020-09-22,11:19,4 min,1000,Lab 245 (GFC-MBU-514),,2020-09-23,eDNA V1.02,,20R064,E4,200302#8,2020-09-28,Undetermined,,Undetermined,,,,,,,,,,,,36.25,
2020,r20:2832,SMB 152,4,SW Miramichi,Blackville 1,NB,0.8 uM nylon (1L),46.734313,-65.824156,2021-09-21,9:35,Fabiola,Water temp : 12C,2020-09-22,9:33,10 min,1000,Lab 245 (GFC-MBU-514),,2020-09-23,eDNA V1.02,,20R064,E1,200302#8,2020-09-28,37.27,,Undetermined,,,,,,,,,,,,35.47,
2020,r20:2833,SMB 153,5,SW Miramichi,Blackville 1,NB,0.8 uM nylon (1L),46.734313,-65.824156,2021-09-21,9:35,Uli,Water temp : 12C,2020-09-22,9:33,10 min,1000,Lab 245 (GFC-MBU-514),,2020-09-23,eDNA V1.02,,20R064,F1,200302#8,2020-09-28,Undetermined,,Undetermined,,,,,,,,,,,,35.37,
2020,r20:2834,SMB 154,6,SW Miramichi,Blackville 1,NB,0.8 uM nylon (1L),46.734313,-65.824156,2021-09-21,9:35,Uli,Water temp : 12C,2020-09-22,9:57,7 min,1000,Lab 245 (GFC-MBU-514),,2020-09-23,eDNA V1.02,,20R064,G1,200302#8,2020-09-28,Undetermined,,Undetermined,,,,,,,,,,,,35.64,
2020,r20:2835,SMB 155,7,SW Miramichi,Blackville 2,NB,0.8 uM nylon (1L),46.738442,-65.829516,2021-09-21,9:50,Fabiola,Water temp : 10C,2020-09-22,9:57,9 min,1000,Lab 245 (GFC-MBU-514),,2020-09-23,eDNA V1.02,,20R064,H1,200302#8,2020-09-28,Undetermined,,Undetermined,,,,,,,,,,,,34.86,
2020,r20:2836,SMB 156,8,SW Miramichi,Blackville 2,NB,0.8 uM nylon (1L),46.738442,-65.829516,2021-09-21,9:50,Fabiola,Water temp : 10C,2020-09-22,9:57,8 min,1000,Lab 245 (GFC-MBU-514),,2020-09-23,eDNA V1.02,,20R064,A2,200302#8,2020-09-28,Undetermined,,Undetermined,,,,,,,,,,,,35.52,
2020,r20:2837,SMB 157,9,SW Miramichi,Blackville 2,NB,0.8 uM nylon (1L),46.738442,-65.829516,2021-09-21,9:50,Uli,Water temp : 10C,2020-09-22,9:58,14 min,1000,Lab 245 (GFC-MBU-514),,2020-09-23,eDNA V1.02,,20R064,B2,200302#8,2020-09-28,Undetermined,,Undetermined,,,,,,,,,,,,36.66,
2020,r20:3008,SMB 191,7,Trap nets - SW Miramichi,Cassilis,NB,0.8 uM nylon (1L),46.93532,-65.78738,2021-09-21,11:39,Kari Underhill,"Water temp : 12.5C, used different gloves to the Millerton site",2020-09-22,2:44,9 min,1000,Lab 245 (GFC-MBU-514),,2020-09-24,eDNA V1.02,,20R064,B8,200302#8,2020-09-28,Undetermined,,Undetermined,,,,,,,,,,,,35.46,
2020,r20:3009,SMB 192,8,Trap nets - SW Miramichi,Cassilis,NB,0.8 uM nylon (1L),46.93532,-65.78738,2021-09-21,11:39,Kari Underhill,Water temp : 12.5C,2020-09-22,2:44,11 min,1000,Lab 245 (GFC-MBU-514),,2020-09-24,eDNA V1.02,,20R064,C8,200302#8,2020-09-28,Undetermined,,Undetermined,,,,,,,,,,,,35.38,
2020,r20:3010,SMB 193,9,Trap nets - SW Miramichi,Cassilis,NB,0.8 uM nylon (1L),46.9345,-65.78671,2021-09-21,11:42,Kari Underhill,Water temp : 12.5C,2020-09-22,2:45,11 min,1000,Lab 245 (GFC-MBU-514),,2020-09-24,eDNA V1.02,,20R064,D8,200302#8,2020-09-28,Undetermined,,Undetermined,,,,,,,,,,,,34.94,
2020,r20:3011,SMB 194,10,Trap nets - SW Miramichi,Cassilis,NB,0.8 uM nylon (1L),46.9345,-65.78671,2021-09-21,11:42,Kari Underhill,Water temp : 12.5C,2020-09-22,2:45,11 min,1000,Lab 245 (GFC-MBU-514),,2020-09-24,eDNA V1.02,,20R064,E8,200302#8,2020-09-28,Undetermined,,Undetermined,,,,,,,,,,,,34.93,
2020,r20:3013,SMB 196,11,Trap nets - SW Miramichi,Cassilis,NB,0.8 uM nylon (1L),46.93371,-65.78579,2021-09-21,11:44,Kari Underhill,Water temp : 12.5C,2020-09-22,3:05,13 min,1000,Lab 245 (GFC-MBU-514),,2020-09-24,eDNA V1.02,,20R064,G8,200302#8,2020-09-28,Undetermined,,Undetermined,,,,,,,,,,,,34.52,
2020,r20:3014,SMB 197,12,Trap nets - SW Miramichi,Cassilis,NB,0.8 uM nylon (1L),46.93371,-65.78579,2021-09-21,11:44,Kari Underhill,Water temp : 12.5C,2020-09-22,3:05,13 min,1000,Lab 245 (GFC-MBU-514),,2020-09-24,eDNA V1.02,,20R064,H8,200302#9,2020-09-28,Undetermined,,Undetermined,,,,,,,,,,,,32.15,
2020,r20:2828,SMB 148,1,SW Miramichi,Doaktown,NB,0.8 uM nylon (1L),46.560642,-66.122102,2021-09-21,8:50,Fabiola,Water temp : 10C,2020-09-22,9:33,10 min,1000,Lab 245 (GFC-MBU-514),,2020-09-23,eDNA V1.02,,20R064,A1,200302#8,2020-09-28,Undetermined,,Undetermined,,,,,,,,,,,,35.7,
2020,r20:2829,SMB 149,2,SW Miramichi,Doaktown,NB,0.8 uM nylon (1L),46.560642,-66.122102,2021-09-21,8:50,Uli,Water temp : 10C,2020-09-22,9:33,8 min,1000,Lab 245 (GFC-MBU-514),,2020-09-23,eDNA V1.02,,20R064,B1,200302#8,2020-09-28,Undetermined,,Undetermined,,,,,,,,,,,,35.67,
2020,r20:2831,SMB 151,3,SW Miramichi,Doaktown,NB,0.8 uM nylon (1L),46.560642,-66.122102,2021-09-21,8:50,Fabiola,Water temp : 10C,2020-09-22,9:33,12 min,1000,Lab 245 (GFC-MBU-514),,2020-09-23,eDNA V1.02,,20R064,D1,200302#8,2020-09-28,Undetermined,,Undetermined,,,,,,,,,,,,35.7,
2020,r20:3001,SMB 184,1,Trap nets - SW Miramichi,Millerton,NB,0.8 uM nylon (1L),46.87695,-65.66472,2021-09-21,10:00,Kari Underhill,Rising tide,2020-09-22,2:16,15 min,1000,Lab 245 (GFC-MBU-514),,2020-09-24,eDNA V1.02,,20R064,C7,200302#8,2020-09-28,Undetermined,,Undetermined,,,,,,,,,,,,35.45,
2020,r20:3002,SMB 185,2,Trap nets - SW Miramichi,Millerton,NB,0.8 uM nylon (1L),46.87695,-65.66472,2021-09-21,10:00,Kari Underhill,flushed jars three times before collecting,2020-09-22,2:16,8 min,1000,Lab 245 (GFC-MBU-514),,2020-09-24,eDNA V1.02,,20R064,D7,200302#8,2020-09-28,Undetermined,,Undetermined,,,,,,,,,,,,35.49,
2020,r20:3003,SMB 186,3,Trap nets - SW Miramichi,Millerton,NB,0.8 uM nylon (1L),46.87626,-65.66438,2021-09-21,10:02,Kari Underhill,,2020-09-22,2:16,8 min,1000,Lab 245 (GFC-MBU-514),,2020-09-24,eDNA V1.02,,20R064,E7,200302#8,2020-09-28,Undetermined,,Undetermined,,,,,,,,,,,,34.83,
2020,r20:3004,SMB 187,4,Trap nets - SW Miramichi,Millerton,NB,0.8 uM nylon (1L),46.87626,-65.66438,2021-09-21,10:02,Kari Underhill,,2020-09-22,2:17,14 min,1000,Lab 245 (GFC-MBU-514),,2020-09-24,eDNA V1.02,,20R064,F7,200302#8,2020-09-28,Undetermined,,Undetermined,,,,,,,,,,,,35.05,
2020,r20:3005,SMB 188,5,Trap nets - SW Miramichi,Millerton,NB,0.8 uM nylon (1L),46.87562,-65.66363,2021-09-21,10:05,Kari Underhill,,2020-09-22,2:17,15 min,1000,Lab 245 (GFC-MBU-514),,2020-09-24,eDNA V1.02,,20R064,G7,200302#8,2020-09-28,Undetermined,,Undetermined,,,,,,,,,,,,35.82,
2020,r20:3007,SMB 190,6,Trap nets - SW Miramichi,Millerton,NB,0.8 uM nylon (1L),46.87562,-65.66363,2021-09-21,10:05,Kari Underhill,,2020-09-22,2:44,8 min,1000,Lab 245 (GFC-MBU-514),,2020-09-24,eDNA V1.02,,20R064,A8,200302#8,2020-09-28,Undetermined,,Undetermined,,,,,,,,,,,,34.9,
2020,r20:2842,SMB 162,13,Renous,Renous 1,NB,0.8 uM nylon (1L),46.829143,-65.951406,2021-09-21,11:00,Fabiola,Water temp : 10C,2020-09-22,10:21,6 min,1000,Lab 245 (GFC-MBU-514),,2020-09-23,eDNA V1.02,,20R064,G2,200302#8,2020-09-28,Undetermined,,Undetermined,,,,,,,,,,,,35.77,
2020,r20:2843,SMB 163,14,Renous,Renous 1,NB,0.8 uM nylon (1L),46.829143,-65.951406,2021-09-21,11:00,Uli,Water temp : 10C,2020-09-22,10:22,8 min,1000,Lab 245 (GFC-MBU-514),,2020-09-23,eDNA V1.02,,20R064,H2,200302#8,2020-09-28,Undetermined,,Undetermined,,,,,,,,,,,,35.92,
2020,r20:2844,SMB 164,15,Renous,Renous 1,NB,0.8 uM nylon (1L),46.829143,-65.951406,2021-09-21,11:00,Uli,Water temp : 10C,2020-09-22,10:22,9 min,1000,Lab 245 (GFC-MBU-514),,2020-09-23,eDNA V1.02,,20R064,A3,200302#8,2020-09-28,Undetermined,,Undetermined,,,,,,,,,,,,35.34,
2020,r20:2838,SMB 158,10,Renous,Renous 2,NB,0.8 uM nylon (1L),46.814287,-65.916734,2021-09-21,10:30,Fabiola,Water temp : 10C,2020-09-22,9:58,9 min,1000,Lab 245 (GFC-MBU-514),,2020-09-23,eDNA V1.02,,20R064,C2,200302#8,2020-09-28,Undetermined,,Undetermined,,,,,,,,,,,,36.35,
2020,r20:2840,SMB 160,11,Renous,Renous 2,NB,0.8 uM nylon (1L),46.814287,-65.916734,2021-09-21,10:30,Uli,Water temp : 10C,2020-09-22,10:21,6 min,1000,Lab 245 (GFC-MBU-514),,2020-09-23,eDNA V1.02,,20R064,E2,200302#8,2020-09-28,Undetermined,,Undetermined,,,,,,,,,,,,35.83,
2020,r20:2841,SMB 161,12,Renous,Renous 2,NB,0.8 uM nylon (1L),46.814287,-65.916734,2021-09-21,10:30,Uli,Water temp : 10C,2020-09-22,10:21,6 min,1000,Lab 245 (GFC-MBU-514),,2020-09-23,eDNA V1.02,,20R064,F2,200302#8,2020-09-28,Undetermined,,Undetermined,,,,,,,,,,,,35.6,
2020,r20:2847,SMB 166,16,Renous,Renous 3,NB,0.8 uM nylon (1L),46.815241,-65.793794,2021-09-21,11:35,Uli,Water temp : 12C,2020-09-22,10:55,6 min,1000,Lab 245 (GFC-MBU-514),,2020-09-23,eDNA V1.02,,20R064,D3,200302#8,2020-09-28,Undetermined,,Undetermined,,,,,,,,,,,,36.57,
2020,r20:2848,SMB 167,17,Renous,Renous 3,NB,0.8 uM nylon (1L),46.815241,-65.793794,2021-09-21,11:35,Fabiola,Water temp : 12C,2020-09-22,10:55,6 min,1000,Lab 245 (GFC-MBU-514),,2020-09-23,eDNA V1.02,,20R064,E3,200302#8,2020-09-28,Undetermined,,Undetermined,,,,,,,,,,,,35.34,
2020,r20:2850,SMB 169,18,Renous,Renous 3,NB,0.8 uM nylon (1L),46.815241,-65.793794,2021-09-21,11:35,Fabiola,Water temp : 12C,2020-09-22,10:56,8 min,1000,Lab 245 (GFC-MBU-514),,2020-09-23,eDNA V1.02,,20R064,G3,200302#8,2020-09-28,Undetermined,,Undetermined,,,,,,,,,,,,35.21,
2020,r20:2851,SMB 170,19,SW Miramichi,Renous 4,NB,0.8 uM nylon (1L),46.829561,-65.787436,2021-09-21,12:00,Fabiola,Water temp : 12C,2020-09-22,10:56,8 min,1000,Lab 245 (GFC-MBU-514),,2020-09-23,eDNA V1.02,,20R064,H3,200302#8,2020-09-28,Undetermined,,Undetermined,,,,,,,,,,,,36.58,
2020,r20:2852,SMB 171,20,SW Miramichi,Renous 4,NB,0.8 uM nylon (1L),46.829561,-65.787436,2021-09-21,12:00,Uli,Water temp : 12C,2020-09-22,10:56,8 min,1000,Lab 245 (GFC-MBU-514),,2020-09-23,eDNA V1.02,,20R064,A4,200302#8,2020-09-28,Undetermined,,Undetermined,,,,,,,,,,,,36.2,
2020,r20:2853,SMB 172,21,SW Miramichi,Renous 4,NB,0.8 uM nylon (1L),46.829561,-65.787436,2021-09-21,12:00,Fabiola,Water temp : 12C,2020-09-22,11:18,6 min,1000,Lab 245 (GFC-MBU-514),,2020-09-23,eDNA V1.02,,20R064,B4,200302#8,2020-09-28,Undetermined,,Undetermined,,,,,,,,,,,,37.05,
2020,,SMB 10,10,Miramichi Lake,994 (16),NB,0.7 uM GF (20L) peristaltic pump,,,,,,,,,,,,,,,,,,,,,,,,,,,,,,,,,,,
2020,,SMB 12,12,Miramichi Lake,994 (16),NB,0.7 uM GF (20L) peristaltic pump,,,,,,,,,,,,,,,,,,,,,,,,,,,,,,,,,,,
2020,,SMB 16 A,16,Miramichi Lake,994 (16),NB,3 uM GF coarse (20L),,,,,,,,,,,,,,,,,,,,,,,,,,,,,,,,,,,
2020,,SMB 17 A,17,Miramichi Lake,994 (16),NB,3 uM GF coarse (20L),,,,,,,,,,,,,,,,,,,,,,,,,,,,,,,,,,,
2020,,SMB 18 A,18,Miramichi Lake,994 (16),NB,3 uM GF coarse (20L),,,,,,,,,,,,,,,,,,,,,,,,,,,,,,,,,,,
2020,,SMB 19 A,19,Miramichi Lake,994 (16),NB,3 uM GF coarse (20L),,,,,,,,,,,,,,,,,,,,,,,,,,,,,,,,,,,
2020,,SMB 20 A,20,Miramichi Lake,994 (16),NB,3 uM GF coarse (20L),,,,,,,,,,,,,,,,,,,,,,,,,,,,,,,,,,,
2020,,SMB 21 A,21,Miramichi Lake,994 (16),NB,3 uM GF coarse (20L),,,,,,,,,,,,,,,,,,,,,,,,,,,,,,,,,,,
2020,,SMB 22 A,22,Miramichi Lake,994 (16),NB,3 uM GF coarse (20L),,,,,,,,,,,,,,,,,,,,,,,,,,,,,,,,,,,
2020,,SMB 23 A,23,Miramichi Lake,994 (16),NB,3 uM GF coarse (20L),,,,,,,,,,,,,,,,,,,,,,,,,,,,,,,,,,,
2020,,SMB 24 A,24,Miramichi Lake,994 (16),NB,3 uM GF coarse (20L),,,,,,,,,,,,,,,,,,,,,,,,,,,,,,,,,,,
2020,,SMB 19 B,,Miramichi Lake,994 (16),NB,0.45 uM nylon (1L),,,,,,,,,,,,,,,,,,,,,,,,,,,,,,,,,,,
2020,,SMB 20 B,,Miramichi Lake,994 (16),NB,0.45 uM nylon (1L),,,,,,,,,,,,,,,,,,,,,,,,,,,,,,,,,,,
2020,,SMB 21 B,,Miramichi Lake,994 (16),NB,0.45 uM nylon (1L),,,,,,,,,,,,,,,,,,,,,,,,,,,,,,,,,,,
2020,,SMB 23 B,,Miramichi Lake,994 (16),NB,0.45 uM versapore,,,,,,,,,,,,,,,,,,,,,,,,,,,,,,,,,,,
2020,,SMB 24 B,,Miramichi Lake,994 (16),NB,0.45 uM versapore,,,,,,,,,,,,,,,,,,,,,,,,,,,,,,,,,,,
2020,,SMB 22 B,,Miramichi Lake,994 (16),NB,0.45 uM versapore,,,,,,,,,,,,,,,,,,,,,,,,,,,,,,,,,,,
2020,,SMB 16 B,,Miramichi Lake,994 (16),NB,0.8 uM nylon (1L),,,,,,,,,,,,,,,,,,,,,,,,,,,,,,,,,,,
2020,,SMB 17 B,,Miramichi Lake,994 (16),NB,0.8 uM nylon (1L),,,,,,,,,,,,,,,,,,,,,,,,,,,,,,,,,,,
2020,,SMB 18 B,,Miramichi Lake,994 (16),NB,0.8 uM nylon (1L),,,,,,,,,,,,,,,,,,,,,,,,,,,,,,,,,,,
2020,r20:2197,SMB 43 (2),9,,,,0.8 uM nylon (1L),,,,,,,,,,,Lab 245 (GFC-MBU-514),"2 filters by accident, bottom filter in this tube",,eDNA V1.02,,20R047,C8,20190917#10,2020-09-02,Undetermined,,Undetermined,,,,,,,,,,,,34.2,
2020,r20:2400,SMB 3 Anq,Blank,,,,0.8 uM nylon (1L),,,,,,,2020-08-20,11:49,2 min,1000,,,2020-09-09,eDNA V1.02,,20R056,C1,200302#3,2020-09-21,Undetermined,,Undetermined,,,,,,,,,,,,34.19,
2020,r20:2403,SMB 6 Anq,Blank,,,,0.8 uM nylon (1L),,,,,,,2020-08-20,12:53,2 min,1000,,,2020-09-09,eDNA V1.02,,20R056,F1,200302#3,2020-09-21,Undetermined,,Undetermined,,,,,,,,,,,,33.78,
2020,r20:2405,SMB 8 Anq,Blank,,,,0.8 uM nylon (1L),,,,,,,2020-08-20,14:11,1 min,1000,,,2020-09-09,eDNA V1.02,,20R056,H1,200302#3,2020-09-21,Undetermined,,Undetermined,,,,,,,,,,,,33.94,
2020,r20:2409,SMB 12 Anq,Blank,,,,0.8 uM nylon (1L),,,,,,,2020-08-20,15:36,1 min,1000,,,2020-09-09,eDNA V1.02,,20R056,D2,200302#3,2020-09-21,Undetermined,,Undetermined,,,,,,,,,,,,34.13,
2020,r20:2418,SMB 20 Anq,Blank,,,,0.8 uM nylon (1L),,,,,,,2020-08-21,14:09,6 min,1000,,Pressure leak from the filter; pressure dropped so it took longer than normal,2020-09-09,eDNA V1.02,,20R056,E3,200302#3,2020-09-21,Undetermined,,Undetermined,,,,,,,,,,,,33.88,
2020,r20:2421,SMB 23 Anq,Blank,,,,0.8 uM nylon (1L),,,,,,,2020-08-21,15:43,3 min,1000,,,2020-09-09,eDNA V1.02,,20R056,H3,200302#3,2020-09-21,Undetermined,,Undetermined,,,,,,,,,,,,33.71,
2020,r20:2423,SMB 25 Anq,Blank,,,,0.8 uM nylon (1L),,,,,,,2020-08-21,19:24,1 min,1000,,,2020-09-09,eDNA V1.02,,20R056,B4,200302#3,2020-09-21,Undetermined,,Undetermined,,,,,,,,,,,,34.46,
2020,r20:2426,SMB 28 Anq,Blank,,,,0.8 uM nylon (1L),,,,,,,2020-08-21,20:22,2 min,1000,,,2020-09-09,eDNA V1.02,,20R056,E4,200302#3,2020-09-21,Undetermined,,Undetermined,,,,,,,,,,,,34.13,
2020,r20:2431,SMB 32 Anq,Blank,,,,0.8 uM nylon (1L),,,,,,,2020-08-21,23:05,2 min,1000,,,2020-09-09,eDNA V1.02,,20R056,B5,200302#3,2020-09-21,Undetermined,,Undetermined,,,,,,,,,,,,33.91,
2020,r20:2435,SMB 36 Anq,Blank,,,,0.8 uM nylon (1L),,,,,,,2020-08-22,9:57,2 min,1000,,,2020-09-09,eDNA V1.02,,20R056,F5,200302#3,2020-09-21,Undetermined,,Undetermined,,,,,,,,,,,,33.98,
2020,r20:2508,SMB 44 Anq,Blank,,,,0.8 uM nylon (1L),,,,,,,2020-08-22,18:15,2 min,1000,,,2020-09-10,eDNA V1.02,,20R056,B7,200302#3,2020-09-21,Undetermined,,Undetermined,,,,,,,,,,,,34.44,
2020,r20:2512,SMB 48 Anq,Blank,,,,0.8 uM nylon (1L),,,,,,,2020-08-22,19:24,2 min,1000,,,2020-09-10,eDNA V1.02,,20R056,F7,200302#3,2020-09-21,Undetermined,,Undetermined,,,,,,,,,,,,33.69,
,r20:2845,Extraction Blank,Extraction Blank,,,,,,,,,,,,,,,,,2020-09-23,eDNA V1.02,,20R064,B3,200302#8,2020-09-28,Undetermined,,Undetermined,,,,,,,,,,,,38.08,
,r20:2863,Extraction Blank,Extraction Blank,,,,,,,,,,,,,,,,,2020-09-23,eDNA V1.02,,20R064,D5,200302#8,2020-09-28,Undetermined,,Undetermined,,,,,,,,,,,,36.92,
,r20:3016,Extraction Blank,Extraction Blank,,,,,,,,,,,,,,,,,2020-09-24,eDNA V1.02,,20R064,B9,200302#9,2020-09-28,Undetermined,,Undetermined,,,,,,,,,,,,32.61,
2020,r20:2094,FB1,FB,,,,0.8 uM nylon (1L),,,,,,,2020-08-21,10:35,7 min,1000,,Unused field filters,,eDNA V1.02,,20R047,G1,20200302#2,2020-08-26,Undetermined,,Undetermined,,,,,Undetermined,,Undetermined,,,,,36.71,
2020,r20:2109,FB2,FB,,,,0.8 uM nylon (1L),,,,,,,2020-08-21,11:47,2 min,1000,,Lab Filtration,,eDNA V1.02,,20R047,F3,20200302#2,2020-08-26,,,,,,,,,,,,,,,37.21,
2020,r20:3012,SMB 195,FB,,,,0.8 uM nylon (1L),,,,,,,2020-09-22,2:45,4 min,1000,Lab 245 (GFC-MBU-514),,2020-09-24,eDNA V1.02,,20R064,F8,200302#8,2020-09-28,Undetermined,,Undetermined,,,,,,,,,,,,35.71,
,r20:2192,SMB 39,FB1,,,,0.8 uM nylon (1L),,,,,,,2020-08-27,9:18,8 min,1000,Lab 245 (GFC-MBU-514),,,eDNA V1.02,,20R047,F7,20190917#10,2020-09-02,40.36,,Undetermined,,,,,,,,,,,,34.33,
2020,r20:2574,SMB 91,FB1,,,,0.8 uM nylon (1L),,,,,,,2020-09-03,9:10,3 min,1000,,,2020-09-14,eDNA V1.02,,20R059,A1,200302#4,2020-09-17,Undetermined,,Undetermined,,,,,,,,,,,,33.18,
2020,r20:2643,SMB 127,FB1,,,,0.8 uM nylon (1L),,,,,,FB water transferred before sampling started at vehicle,2020-09-11,9:19,3 min,1000,,,2020-09-15,eDNA V1.02,,20R059,A8,200302#4,2020-09-17,Undetermined,,Undetermined,,,,,,,,,,,,33.18,
2020,r20:2830,SMB 150,FB1,,,,0.8 uM nylon (1L),,,,,,,2020-09-22,9:33,3 min,1000,Lab 245 (GFC-MBU-514),,2020-09-23,eDNA V1.02,,20R064,C1,200302#8,2020-09-28,Undetermined,,Undetermined,,,,,,,,,,,,36,
2020,r20:2208,SMB 46,FB2,,,,0.8 uM nylon (1L),,,,,,,2020-08-27,11:05,6 min,1000,Lab 245 (GFC-MBU-514),,,eDNA V1.02,,20R047,F9,20190917#10,2020-09-02,Undetermined,,Undetermined,,,,,,,,,,,,34.2,
2020,r20:2590,SMB 106,FB2,,,,0.8 uM nylon (1L),,,,,,,2020-09-03,10:21,3 min,1000,,,2020-09-14,eDNA V1.02,,20R059,A3,200302#4,2020-09-17,Undetermined,,Undetermined,,,,,,,,,,,,33,
2020,r20:2646,SMB 130,FB2,,,,0.8 uM nylon (1L),,,,,,"FB water transferred at the vehicle, between sampling Sites 8 and 6",2020-09-11,9:54,3 min,1000,,,2020-09-15,eDNA V1.02,,20R059,D8,200302#4,2020-09-17,Undetermined,,Undetermined,,,,,,,,,,,,33.23,
2020,r20:2846,SMB 165,FB2,,,,0.8 uM nylon (1L),,,,,,,2020-09-22,10:22,5 min,1000,Lab 245 (GFC-MBU-514),,2020-09-23,eDNA V1.02,,20R064,C3,200302#8,2020-09-28,Undetermined,,Undetermined,,,,,,,,,,,,36.41,
2020,r20:2215,SMB 59,FB3,,,,0.8 uM nylon (1L),,,,,,,2020-08-27,12:16,5 min,1000,Lab 245 (GFC-MBU-514),,,eDNA V1.02,,20R047,E10,200302#2,2020-09-02,Undetermined,,Undetermined,,,,,,,,,,,,39.76,Bad Panda Spike-in Aliquot
2020,r20:2599,SMB 115,FB3,,,,0.8 uM nylon (1L),,,,,,,2020-09-03,11:20,3 min,1000,,,2020-09-14,eDNA V1.02,,20R059,B4,200302#4,2020-09-17,Undetermined,,Undetermined,,,,,,,,,,,,33.42,
2020,r20:2662,SMB 145,FB3,,,,0.8 uM nylon (1L),,,,,,"FB water transferred at the vehicle, at the end after sampling Site 5",2020-09-11,11:11,3 min,1000,,,2020-09-15,eDNA V1.02,,20R059,D10,200302#6,2020-09-17,Undetermined,,Undetermined,,,,,,,,,,,,32.84,
2020,r20:2858,SMB 177,FB3,,,,0.8 uM nylon (1L),,,,,,,2020-09-22,11:19,8 min,1000,Lab 245 (GFC-MBU-514),,2020-09-23,eDNA V1.02,,20R064,G4,200302#8,2020-09-28,Undetermined,,Undetermined,,,,,,,,,,,,36.48,
2020,r20:2602,SMB 118,FB4,,,,0.8 uM nylon (1L),,,,,,,2020-09-03,12:03,5 min,1000,,,2020-09-14,eDNA V1.02,,20R059,E4,200302#4,2020-09-17,Undetermined,,Undetermined,,,,,,,,,,,,33.21,
2020,r20:2861,SMB 180,FB4,,,,0.8 uM nylon (1L),,,,,,,2020-09-22,11:55,3 min,1000,Lab 245 (GFC-MBU-514),,2020-09-23,eDNA V1.02,,20R064,B5,200302#8,2020-09-28,Undetermined,,Undetermined,,,,,,,,,,,,36.75,
2020,r20:2518,SMB 68,FB-A,,,,0.8 uM nylon (1L),,,,,,,2020-09-02,8:59,5 min,1000,Lab 245 (GFC-MBU-514),,2020-09-10,eDNA V1.02,,20R056,D8,200302#5,2020-09-21,Undetermined,,Undetermined,,,,,,,,,,,,33.32,
2020,r20:2528,SMB 77,FB-B,,,,0.8 uM nylon (1L),,,,,,,2020-09-02,10:24,2 min,1000,Lab 245 (GFC-MBU-514),,2020-09-10,eDNA V1.02,,20R056,F9,200302#5,2020-09-21,Undetermined,,Undetermined,,,,,,,,,,,,32.65,
2020,r20:2535,SMB 84,FB-C,,,,0.8 uM nylon (1L),,,,,,,2020-09-02,11:03,3 min,1000,Lab 245 (GFC-MBU-514),,2020-09-10,eDNA V1.02,,20R056,E10,200302#5,2020-09-21,Undetermined,,Undetermined,,,,,,,,,,,,32.94,
2020,r20:2439,SMB 40 Anq,Field Blank,,,,0.8 uM nylon (1L),,,,,,,2020-08-22,11:31,3 min,1000,,Blank collected in Field by Devin Ward. Carried in same backpack as samples and transported to the office in the cooler with the rest of the samples,2020-09-09,eDNA V1.02,,20R056,B6,200302#3,2020-09-21,Undetermined,,Undetermined,,,,,,,,,,,,34.03,
,r20:2101,SMB LB1,Lab Blank,,,,0.8 uM nylon (1L),,,,,,,2020-08-21,11:10,3 min,1000,,,,eDNA V1.02,,20R047,F2,20200302#2,2020-08-26,Undetermined,,Undetermined,,,,,Undetermined,,Undetermined,,,,,36.8,
,r20:2116,SMB LB2,Lab Blank,,,,0.8 uM nylon (1L),,,,,,,2020-08-21,14:07,2 min,1000,,,,eDNA V1.02,,20R047,E4,20200302#2,2020-08-26,Undetermined,,Undetermined,,,,,,,,,,,,36.79,
,r20:2199,SMB 45,LB1,,,,0.8 uM nylon (1L),,,,,,,2020-08-27,10:19,5 min,1000,Lab 245 (GFC-MBU-514),,,eDNA V1.02,,20R047,E8,20190917#10,2020-09-02,Undetermined,,Undetermined,,,,,,,,,,,,34.4,
2020,r20:2521,SMB 71,LB1,,,,0.8 uM nylon (1L),,,,,,,2020-09-02,9:41,2 min,1000,Lab 245 (GFC-MBU-514),,2020-09-10,eDNA V1.02,,20R056,G8,200302#5,2020-09-21,Undetermined,,Undetermined,,,,,,,,,,,,32.87,
2020,r20:2583,SMB 100,LB1,,,,0.8 uM nylon (1L),,,,,,,2020-09-03,9:57,2 min,1000,,,2020-09-14,eDNA V1.02,,20R059,B2,200302#4,2020-09-17,Undetermined,,Undetermined,,,,,,,,,,,,32.97,
2020,r20:2656,SMB 139,LB1,,,,0.8 uM nylon (1L),,,,,,,2020-09-11,10:35,2 min,1000,,,2020-09-15,eDNA V1.02,,20R059,F9,200302#6,2020-09-17,Undetermined,,Undetermined,,,,,,,,,,,,32.91,
2020,r20:2839,SMB 159,LB1,,,,0.8 uM nylon (1L),,,,,,,2020-09-22,9:58,4 min,1000,Lab 245 (GFC-MBU-514),,2020-09-23,eDNA V1.02,,20R064,D2,200302#8,2020-09-28,Undetermined,,Undetermined,,,,,,,,,,,,36.35,
2020,r20:2218,SMB 62,LB2,,,,0.8 uM nylon (1L),,,,,,,2020-08-27,12:17,5 min,1000,Lab 245 (GFC-MBU-514),,,eDNA V1.02,,20R047,H10,200302#2,2020-09-02,Undetermined,,Undetermined,,,,,,,,,,,,Undetermined,Bad Panda Spike-in Aliquot
2020,r20:2536,SMB 85,LB2,,,,0.8 uM nylon (1L),,,,,,,2020-09-02,11:03,3 min,1000,Lab 245 (GFC-MBU-514),,2020-09-10,eDNA V1.02,,20R056,F10,200302#5,2020-09-21,Undetermined,,Undetermined,,,,,,,,,,,,32.81,
2020,r20:2637,SMB 121,LB2,,,,0.8 uM nylon (1L),,,,,,,2020-09-03,12:03,2 min,1000,,,2020-09-15,eDNA V1.02,,20R059,C7,200302#4,2020-09-17,Undetermined,,Undetermined,,,,,,,,,,,,33.18,
2020,r20:2664,SMB 147,LB2,,,,0.8 uM nylon (1L),,,,,,,2020-09-11,11:45,3 min,1000,,,2020-09-15,eDNA V1.02,,20R059,F10,200302#6,2020-09-17,Undetermined,,Undetermined,,,,,,,,,,,,33.05,
2020,r20:2849,SMB 168,LB2,,,,0.8 uM nylon (1L),,,,,,,2020-09-22,10:55,3 min,1000,Lab 245 (GFC-MBU-514),,2020-09-23,eDNA V1.02,,20R064,F3,200302#8,2020-09-28,Undetermined,,Undetermined,,,,,,,,,,,,36.97,
2020,r20:3006,SMB 189,LB3,,,,0.8 uM nylon (1L),,,,,,,2020-09-22,2:17,3 min,1000,Lab 245 (GFC-MBU-514),,2020-09-24,eDNA V1.02,,20R064,H7,200302#8,2020-09-28,Undetermined,,Undetermined,,,,,,,,,,,,36.03,
2020,r20:3015,SMB 198,LB4,,,,0.8 uM nylon (1L),,,,,,,2020-09-22,3:05,2 min,1000,Lab 245 (GFC-MBU-514),,2020-09-24,eDNA V1.02,,20R064,A9,200302#9,2020-09-28,Undetermined,,Undetermined,,,,,,,,,,,,32.44,
,r20:2201,Extraction Blank,,,,,,,,,,,,,,,,,,,eDNA V1.02,,20R047,G8,20190917#10,2020-09-02,Undetermined,,Undetermined,,,,,,,,,,,,34.13,
,r20:2219,Extraction Blank,,,,,,,,,,,,,,,,,,,eDNA V1.02,,20R047,A11,200302#2,2020-09-02,Undetermined,,Undetermined,,,,,,,,,,,,Undetermined,Bad Panda Spike-in Aliquot
,r20:2413,Extraction Blank,,,,,,,,,,,,,,,,,,2020-09-09,eDNA V1.02,,20R056,H2,200302#3,2020-09-21,Undetermined,,Undetermined,,,,,,,,,,,,33.92,
,r20:2429,Extraction Blank,,,,,,,,,,,,,,,,,,2020-09-09,eDNA V1.02,,20R056,H4,200302#3,2020-09-21,Undetermined,,Undetermined,,,,,,,,,,,,33.31,
,r20:2442,Extraction Blank,,,,,,,,,,,,,,,,,,2020-09-09,eDNA V1.02,,20R056,E6,200302#3,2020-09-21,Undetermined,,Undetermined,,,,,,,,,,,,33.94,
2020,r20:2524,Extraction Blank,,,,,,,,,,,,,,,,,,2020-09-10,eDNA V1.02,,20R056,B9,200302#5,2020-09-21,Undetermined,,Undetermined,,,,,,,,,,,,33.03,
,r20:2542,Extraction Blank,,,,,,,,,,,,,,,,,,2020-09-10,eDNA V1.02,,20R056,D11,200302#5,2020-09-21,Undetermined,,Undetermined,,,,,,,,,,,,32.91,
,r20:2588,Extraction Blank,,,,,,,,,,,,,,,,,,2020-09-14,eDNA V1.02,,20R059,G2,200302#4,2020-09-17,Undetermined,,Undetermined,,,,,,,,,,,,33.4,
,r20:2603,Extraction Blank,,,,,,,,,,,,,,,,,,2020-09-14,eDNA V1.02,,20R059,F4,200302#4,2020-09-17,Undetermined,,Undetermined,,,,,,,,,,,,33.23,
,r20:2650,Extraction Blank,,,,,,,,,,,,,,,,,,2020-09-15,eDNA V1.02,,20R059,H8,200302#4,2020-09-17,Undetermined,,Undetermined,,,,,,,,,,,,33.3,
,r20:2665,Extraction Blank,,,,,,,,,,,,,,,,,,2020-09-15,eDNA V1.02,,20R059,G10,200302#6,2020-09-17,Undetermined,,Undetermined,,,,,,,,,,,,32.7,
