name_eng,name_ind,abbrev,address,mailing_address,city,postal_code,province,phone,fax,dfo_contact_instructions,notes,key_species,former_name,website,council_quorum,next_election,election_term,new_coucil_effective_date,population_on_reserve,population_off_reserve,population_other_reserve,fin,processing_plant,Grouping
ALEXANDER, ,,,PO BOX 3419 ,MORINVILLE,T8R 1S3,9,(780) 939-5887,(780) 939-6166,,,,,,4,9/27/2023,3,9/25/2020,1080,1194,78,,,First Nation
ALEXIS NAKOTA SIOUX NATION, ,,,PO BOX 7 ,GLENEVIS,T0E 0X0,9,(780) 967-2225,(780) 967-5484,,,,,,5,6/17/2022,4,6/15/2018,1182,852,68,,,First Nation
ATHABASCA CHIPEWYAN FIRST NATION, ,,,PO BOX 366 ,FORT CHIPEWYAN,T0P 1B0,9,(780) 697-3730,(780) 697-3500,,,,,,0,10/30/2023,4,10/30/2019,30,1322,6,,,First Nation
BEARSPAW, ,,,PO BOX 40 ,MORLEY,T0L 1N0,9,(403) 881-3770,(403) 881-2676,,,,,,3,12/5/2022,3,12/5/2019,1885,173,56,,,First Nation
BEAVER FIRST NATION, ,,,PO BOX 270 ,HIGH LEVEL,T0H 1Z0,9,(780) 927-3544,(780) 927-4064,,,,,,0,11/26/2024,4,11/27/2020,455,792,31,,,First Nation
BEAVER LAKE CREE NATION, ,,,PO BOX 960 ,LAC LA BICHE,T0A 2C0,9,(780) 623-4549,(780) 623-4523,,,,,,3,3/31/2023,4,3/29/2019,400,873,26,,,First Nation
BIGSTONE CREE NATION, ,,,PO BOX 960 ,WABASCA,T0G 2K0,9,(780) 891-3836,(780) 891-3942,,,,,,6,9/17/2022,4,12/18/2018,3249,5050,130,,,First Nation
BLOOD, ,,,PO BOX 60 ,STANDOFF,T0L 1Y0,9,(403) 737-3753,(403) 737-2336,,,,,,7,11/25/2024,4,11/26/2020,8502,3975,216,,,First Nation
CHINIKI,CHINIKI,,,PO BOX 40 ,MORLEY,T0L 1N0,9,(403) 881-3770,(403) 881-2676,,,,,,9,12/7/2023,3,12/8/2020,1554,153,51,,,First Nation
CHIPEWYAN PRAIRIE FIRST NATION, ,,,GENERAL DELIVERY ,CHARD,T0P 1G0,9,(780) 559-2259,(780) 559-2213,,,,,,0,4/20/2024,3,4/21/2021,390,593,12,,,First Nation
COLD LAKE FIRST NATIONS, ,,,PO BOX 1769 ,COLD LAKE,T9M 1P4,9,(780) 594-7183,(780) 594-3577,,,,,,4,6/25/2022,3,6/26/2019,1327,1637,60,,,First Nation
DENE THA',DENE THA',,,PO BOX 120 ,CHATEH,T0H 0S0,9,(780) 321-3775,(780) 321-3886,,,,,,0,10/30/2021,4,10/30/2017,2124,1084,56,,,First Nation
DRIFTPILE CREE NATION, ,,,PO BOX 30 ,DRIFTPILE,T0G 0V0,9,(780) 355-3868,(780) 355-3650,,,,,,5,12/19/2022,2,12/20/2020,991,1981,51,,,First Nation
DUNCAN'S FIRST NATION, ,,,PO BOX 148 ,BROWNVALE,T0H 0L0,9,(780) 597-3777,(780) 597-3920,,,,,,0,7/18/2022,3,7/19/2019,142,215,0,,,First Nation
ENOCH CREE NATION #440, ,,,PO BOX 29 ,ENOCH,T7X 3Y3,9,(780) 470-4505,(780) 470-3380,,,,,,0,6/24/2022,3,7/17/2019,1829,993,38,,,First Nation
ERMINESKIN TRIBE, ,,,PO BOX 219 ,MASKWACIS,T0C 1N0,9,(780) 585-3741,(780) 585-2550,,,,,,5,9/30/2023,3,8/26/2020,3319,1294,340,,,First Nation
FORT MCKAY FIRST NATION, ,,,PO BOX 5360 ,FORT MCMURRAY,T9H 3G4,9,(780) 828-4220,(780) 828-4393,,,,,,3,4/5/2023,4,4/5/2019,422,496,10,,,First Nation
FORT MCMURRAY #468 FIRST NATION, ,,,PO BOX 6130 STN MAIN ,FORT MCMURRAY,T9H 4W1,9,(780) 334-2293,(780) 334-2457,,,,,,0,9/18/2024,4,9/18/2020,276,644,12,,,First Nation
FROG LAKE, ,,,GENERAL DELIVERY ,FROG LAKE,T0A 1M0,9,(780) 943-3737,(780) 943-3966,,,,,,0,4/27/2023,2,4/26/2021,1871,1289,291,,,First Nation
HEART LAKE, ,,,PO BOX 447 ,LAC LA BICHE,T0A 2C0,9,(780) 623-2130,(780) 623-3505,,,,,,2,10/11/2021,3,10/11/2018,207,150,19,,,First Nation
HORSE LAKE FIRST NATION, ,,,PO BOX 303 ,HYTHE,T0H 2C0,9,(780) 356-2248,(780) 356-3666,,,,,,0,10/29/2021,4,10/30/2017,512,767,13,,,First Nation
KAPAWE'NO FIRST NATION,KAPAWE'NO FIRST NATION,,,PO BOX 10 ,GROUARD,T0G 1C0,9,(780) 751-3800,(780) 751-3864,,,,,,0,,,7/11/2020,134,267,9,,,First Nation
KEHEWIN CREE NATION,KEHEWIN CREE NATION,,,PO BOX 220 ,KEHEWIN,T0A 1C0,9,(780) 826-3333,(780) 826-2355,,,,,,5,9/25/2021,3,9/26/2018,1196,1018,75,,,First Nation
LITTLE RED RIVER CREE NATION, ,,,PO BOX 30 ,JOHN D'OR PRAIRIE,T0H 3X0,9,(780) 759-3912,(780) 759-3780,,,,,,6,4/30/2022,4,5/1/2018,4731,1170,140,,,First Nation
LOON RIVER CREE, ,,,PO BOX 189 ,RED EARTH CREEK,T0G 1X0,9,(780) 649-3883,(780) 649-3873,,,,,,3,3/7/2022,3,3/8/2019,523,135,10,,,First Nation
LOUIS BULL, ,,,PO BOX 130 ,MASKWACIS,T0C1N0,9,(780) 585-3978,(780) 585-3799,,,,,,4,3/31/2023,3,2/27/2020,1635,507,251,,,First Nation
LUBICON LAKE, ,,,PO BOX1351 ,ISIDORE,T0H3B0,9,(780) 629-2356,(780) 629-2473,,,,,,0,2/14/2023,5,2/15/2018,118,610,54,,,First Nation
MIKISEW CREE FIRST NATION,MIKISEW CREE FIRST NATION,,,PO BOX 90 ,FORT CHIPEWYAN,T0P 1B0,9,(780) 697-3740,(780) 697-3826,,,,,,0,8/26/2023,3,8/27/2020,178,2972,75,,,First Nation
MONTANA, ,,,PO BOX 70 ,MASKWACIS,TOC1N0,9,(780) 585-3744,(780) 585-3264,,,,,,3,10/5/2023,3,10/6/2020,716,276,75,,,First Nation
O'CHIESE, ,,,PO BOX 1570 ,ROCKY MOUNTAIN HOUSE,T4T 1B2,9,(403) 989-3943,(403) 989-3795,,,,,,4,8/19/2021,2,8/8/2019,927,477,66,,,First Nation
PAUL, ,,,PO BOX 89 ,DUFFIELD,T0E 0N0,9,(780) 892-2691,(780) 892-3402,,,,,,4,11/2/2022,4,11/2/2018,1337,711,117,,,First Nation
PEERLESS TROUT FIRST NATION, ,,,PO BOX 128 ,PEERLESS LAKE,T0G 2W0,9,(780) 701-5615,(780) 869-2849,,,,,,3,10/28/2022,4,10/29/2018,61,940,38,,,First Nation
PIIKANI NATION,PIIKANI NATION,,,PO BOX 70 ,BROCKET,T0K 0H0,9,(403) 965-3940,(403) 965-2030,,,,,,5,1/6/2023,4,1/7/2019,2425,1448,38,,,First Nation
SADDLE LAKE CREE NATION, ,,,PO BOX 100 ,SADDLE LAKE,T0A 3T0,9,(780) 726-3829,(780) 726-3788,,,,,,0,4/28/2024,3,4/29/2021,6706,4254,186,,,First Nation
SAMSON, ,,,PO BOX 159 ,MASKWACIS,TOC1NO,9,(780) 421-4926,(780) 585-2700,,,,,,7,5/23/2023,3,7/28/2020,6299,2262,537,,,First Nation
SAWRIDGE FIRST NATION, ,,,PO BOX 326 ,SLAVE LAKE,T0G 2A0,9,(780) 849-4331,(780) 849-3446,,,,,,3,2/19/2023,4,2/15/2019,42,503,7,,,First Nation
SIKSIKA NATION,SIKSIKA NATION,,,PO BOX 1100 ,SIKSIKA,T0J 3W0,9,(403) 734-5100,(403) 734-5262,,,,,,7,11/27/2022,3,11/27/2019,4138,3235,197,,,First Nation
SMITH'S LANDING FIRST NATION, ,,,PO BOX 1470 ,FORT SMITH,X0E 0P0,9,(867) 872-4950,(867) 872-5154,,,,,,3,6/12/2022,3,6/12/2019,0,369,0,,,First Nation
STONEY, ,,,PO BOX 40 ,MORLEY,T0L1N0,9,(403) 881-3770,(403) 881-2676,,,,,,,,,,0,0,0,,,First Nation
STURGEON LAKE CREE NATION, ,,,PO BOX 757 ,VALLEYVIEW,T0H 3N0,9,(780) 524-3307,(780) 524-2711,,,,,,4,3/28/2022,3,3/29/2019,1516,2016,42,,,First Nation
SUCKER CREEK, ,,,PO BOX 65 ,ENILDA,T0G 0W0,9,(780) 523-4426,(780) 523-3111,,,,,,4,11/18/2021,3,11/28/2018,760,2268,33,,,First Nation
SUNCHILD FIRST NATION, ,,,PO BOX 747 ,ROCKY MOUNTAIN HOUSE,T4T 1A5,9,(403) 989-2459,(403) 989-2533,,,,,,4,3/10/2023,2,3/4/2021,838,504,110,,,First Nation
SWAN RIVER FIRST NATION, ,,,PO BOX 270 ,KINUSO,T0G 1K0,9,(780) 775-3536,(780) 775-3796,,,,,,3,6/13/2022,3,6/14/2019,434,1066,19,,,First Nation
TALLCREE TRIBAL GOVERNMENT, ,,,PO BOX 100 ,FORT VERMILION,T0H 1N0,9,(780) 927-3727,(780) 927-4375,,,,,,3,9/13/2023,5,9/28/2018,529,826,60,,,First Nation
TSUUT'INA NATION,TSUUT'INA NATION,,,200 - 9911 CHIILA BLVD SW ,TSUU T'INA,T2W 6H6,9,(403) 281-4455,(403) 251-6061,,,,,,5,11/28/2022,3,11/20/2019,2090,227,134,,,First Nation
WESLEY, ,,,PO BOX 40 ,MORLEY,T0L 1N0,9,(403) 881-3770,(403) 881-2676,,,,,,3,12/8/2022,4,12/7/2018,1566,200,55,,,First Nation
WHITEFISH LAKE, ,,,GENERAL DELIVERY ,ATIKAMEG,T0G 0C0,9,(780) 767-3914,(780) 767-3814,,,,,,0,4/12/2022,4,4/13/2018,1302,1521,135,,,First Nation
WOODLAND CREE FIRST NATION, ,,,GENERAL DELIVERY ,CADOTTE LAKE,T0H 0N0,9,(780) 629-3803,(780) 629-3898,,,,,,0,11/17/2022,3,11/18/2019,817,356,24,,,First Nation
BARREN LANDS, ,,,PO BOX 40 ,BROCHET,R0B 0B0,11,(204) 323-2300,(204) 323-2275,,,,,,0,4/18/2020,2,4/18/2018,456,707,32,,,First Nation
BERENS RIVER, ,,,PO BOX 131 ,BERENS RIVER,R0B 0A0,11,(204) 382-2161,(204) 382-2297,,,,,,4,1/4/2020,3,12/4/2017,2204,1387,18,,,First Nation
BIRDTAIL SIOUX, ,,,PO BOX 22 ,BEULAH,R0M 0B0,11,(204) 568-4540,(204) 568-4687,,,,,,3,3/30/2021,4,3/30/2017,395,445,65,,,First Nation
BLACK RIVER FIRST NATION, ,,,GENERAL DELIVERY ,O'HANLEY,R0E 1K0,11,(204) 367-4411,(204) 367-2000,,,,,,0,8/2/2021,4,8/2/2017,984,474,18,,,First Nation
BLOODVEIN, ,,,GENERAL DELIVERY ,BLOODVEIN,R0C 0J0,11,(204) 395-2148,(204) 395-2099,,,,,,3,6/18/2020,2,6/18/2018,1157,759,15,,,First Nation
BROKENHEAD OJIBWAY NATION, ,,,GENERAL DELIVERY ,SCANTERBURY,R0E 1W0,11,(204) 766-2494,(204) 766-2306,,,,,,3,4/18/2020,2,4/18/2018,657,1477,12,,,First Nation
BUFFALO POINT FIRST NATION, ,,,PO BOX 1037 ,BUFFALO POINT,R0A 2W0,11,(204) 437-2133,(204) 437-2368,,,,,,0,,,8/25/1969,53,77,3,,,First Nation
BUNIBONIBEE CREE NATION,BUNIBONIBEE CREE NATION,,,GENERAL DELIVERY ,OXFORD HOUSE,R0B 1C0,11,(204) 538-2282,(204) 538-2147,,,,,,4,12/2/2019,4,12/3/2015,2516,679,40,,,First Nation
CANUPAWAKPA DAKOTA FIRST NATION,CANUPAWAKPA DAKOTA FIRST NATION,,,PO BOX 146 ,PIPESTONE,R0M 1T0,11,(204) 854-2959,(204) 854-2525,,,,,,2,1/18/2022,2,1/17/2020,310,350,28,,,First Nation
CHEMAWAWIN CREE NATION,CHEMAWAWIN CREE NATION,,,PO BOX 9 ,EASTERVILLE,R0C 0V0,11,(204) 329-2161,(204) 329-2017,,,,,,0,12/7/2020,3,12/7/2017,1265,617,107,,,First Nation
CROSS LAKE BAND OF INDIANS, ,,,PO BOX 10 ,CROSS LAKE,R0B 0J0,11,(204) 676-2218,(204) 676-2117,,,,,,0,3/14/2024,5,5/7/2019,6299,2613,148,,,First Nation
DAKOTA PLAINS, ,,,PO BOX 1246 ,PORTAGE LA PRAIRIE,R1N 3J9,11,(204) 252-2300,(204) 252-2244,,,,,,0,,,1/27/1994,160,83,11,,,First Nation
DAKOTA TIPI, ,,,2020 DAKOTA DRIVE ,DAKOTA TIPI,R1N 3X6,11,(204) 857-4381,(204) 857-9855,,,,,,0,8/31/2022,4,8/31/2018,268,175,2,,,First Nation
DAUPHIN RIVER, ,,,PO BOX 58 ,GYPSUMVILLE,R0C 1J0,11,(204) 659-5370,(204) 659-4458,,,,,,0,11/8/2017,2,11/8/2015,251,141,1,,,First Nation
EBB AND FLOW, ,,,PO BOX 159 ,EBB AND FLOW,R0L 0R0,11,(204) 448-2134,(204) 448-2305,,,,,,3,11/23/2020,2,11/21/2018,1866,1334,57,,,First Nation
FISHER RIVER, ,,,PO BOX 367 ,KOOSTATAK,R0C 1S0,11,(204) 645-2171,(204) 645-2745,,,,,,3,8/23/2021,3,8/23/2019,1493,2579,10,,,First Nation
FORT ALEXANDER, ,,,PO BOX 3 ,FORT ALEXANDER,R0E 0P0,11,(204) 367-2287,(204) 367-4315,,,,,,3,4/4/2019,2,4/4/2017,3640,4513,40,,,First Nation
FOX LAKE, ,,,PO BOX 369 ,GILLAM,R0B 0L0,11,(204) 486-2463,(204) 486-2503,,,,,,2,,,9/1/2010,187,1080,25,,,First Nation
GAMBLER FIRST NATION, ,,,PO BOX 250 ,BINSCARTH,R0J 0G0,11,(204) 532-2464,(204) 532-2495,,,,,,2,,,5/31/2013,59,263,9,,,First Nation
GARDEN HILL FIRST NATIONS, ,,,GENERAL DELIVERY ,ISLAND LAKE,R0B 0T0,11,(204) 456-2085,(204) 456-9315,,,,,,5,3/15/2018,2,3/15/2016,3969,761,60,,,First Nation
GOD'S LAKE FIRST NATION, ,,,PO BOX 258 ,GOD'S LAKE NARROWS,R0B 0M0,11,(204) 335-2130,(204) 335-2400,,,,,,4,4/22/2020,2,4/23/2018,1488,1316,7,,,First Nation
HOLLOW WATER, ,,,PO BOX 2561 ,WANIPIGOW,R0E 2E0,11,(204) 363-7278,(204) 363-7418,,,,,,3,2/3/2020,2,2/2/2018,1054,984,11,,,First Nation
KEESEEKOOWENIN,KEESEEKOOWENIN,,,PO BOX 100 ,ELPHINSTONE,R0J 0N0,11,(204) 625-2004,(204) 625-2019,,,,,,3,4/7/2019,2,4/7/2017,474,846,0,,,First Nation
KINONJEOSHTEGON FIRST NATION,KINONJEOSHTEGON FIRST NATION,,,PO BOX 210 ,DALLAS,R0C 0S0,11,(204) 394-2255,(204) 394-2305,,,,,,3,3/27/2019,2,3/27/2017,360,432,5,,,First Nation
LAKE MANITOBA, ,,,PO BOX 1250 ,LAKE MANITOBA FIRST NATION,R0C 3K0,11,(204) 768-3492,(204) 768-3036,,,,,,0,8/31/2018,2,8/31/2016,1307,849,16,,,First Nation
LAKE ST. MARTIN, ,,,550 BERRY ST ,WINNIPEG,R3H 0R9,11,(204) 948-1119,(204) 948-1142,,,,,,4,7/14/2018,2,6/29/2016,1675,1182,19,,,First Nation
LITTLE GRAND RAPIDS, ,,,PO BOX 129 ,LITTLE GRAND RAPIDS,R0B 0V0,11,(204) 397-2264,(204) 397-2340,,,,,,4,7/30/2021,2,7/30/2019,1368,397,1,,,First Nation
LITTLE SASKATCHEWAN, ,,,PO BOX 98 ,GYPSUMVILLE,R0C 1J0,11,(204) 659-4584,(204) 659-2071,,,,,,3,1/28/2021,2,1/28/2019,713,623,12,,,First Nation
LONG PLAIN, ,,,PO BOX 430 ,PORTAGE LA PRAIRIE,R1N 3B7,11,(204) 252-2731,(204) 252-2012,,,,,,3,4/12/2018,3,4/9/2015,2478,2121,59,,,First Nation
MANTO SIPI CREE NATION,MANTO SIPI CREE NATION,,,PO BOX 97 ,GOD'S RIVER,R0B 0N0,11,(204) 366-2011,(204) 366-2282,,,,,,0,6/25/2018,2,6/25/2016,824,136,6,,,First Nation
MARCEL COLOMB FIRST NATION, ,,,PO BOX 1150 ,LYNN LAKE,R0B 0W0,11,(204) 356-2439,(204) 356-2330,,,,,,3,2/1/2020,4,5/16/2016,80,350,5,,,First Nation
MATHIAS COLOMB, ,,,PO BOX 135 ,PUKATAWAGAN,R0B 1G0,11,(204) 553-2090,(204) 553-2419,,,,,,6,10/4/2020,2,10/4/2018,2217,1528,170,,,First Nation
MISIPAWISTIK CREE NATION,MISIPAWISTIK CREE NATION,,,PO BOX 500 ,GRAND RAPIDS,R0C 1E0,11,(204) 639-2219,(204) 639-2503,,,,,,0,6/23/2017,3,6/20/2014,1311,790,96,,,First Nation
MOSAKAHIKEN CREE NATION,MOSAKAHIKEN CREE NATION,,,GENERAL DELIVERY ,MOOSE LAKE,R0B 0Y0,11,(204) 678-2113,(204) 678-2292,,,,,,4,7/8/2020,2,7/13/2018,1634,614,23,,,First Nation
NISICHAWAYASIHK CREE NATION,NISICHAWAYASIHK CREE NATION,,,GENERAL DELIVERY ,NELSON HOUSE,R0B 1A0,11,(204) 484-2332,(204) 484-2392,,,,,,0,8/21/2018,4,8/20/2014,3035,2312,33,,,First Nation
NORTHLANDS DENESULINE FIRST NATION, ,,,PO BOX 120 ,LAC BROCHET,R0B 2E0,11,(204) 337-2270,(204) 337-2055,,,,,,4,4/6/2021,2,4/6/2019,970,171,4,,,First Nation
NORWAY HOUSE CREE NATION, ,,,PO BOX 250 ,NORWAY HOUSE,R0B 1B0,11,(204) 359-6786,(204) 359-4186,,,,,,0,3/4/2022,4,3/5/2018,6509,1981,67,,,First Nation
O-CHI-CHAK-KO-SIPI FIRST NATION,O-CHI-CHAK-KO-SIPI FIRST NATION,,,PO BOX 103 ,CRANE RIVER,R0L 0M0,11,(204) 732-2490,(204) 732-2596,,,,,,3,5/26/2018,2,5/20/2016,488,737,12,,,First Nation
O-PIPON-NA-PIWIN CREE NATION,O-PIPON-NA-PIWIN CREE NATION,,,PO BOX 139 ,SOUTH INDIAN LAKE,R0B 1N0,11,(204) 374-2271,(204) 374-2350,,,,,,0,9/10/2018,4,9/10/2014,1073,591,39,,,First Nation
OPASKWAYAK CREE NATION,OPASKWAYAK CREE NATION,,,PO BOX 10880 ,OPASKWAYAK,R0B 2J0,11,(204) 627-7100,(204) 623-5263,,,,,,0,9/22/2021,2,9/19/2019,3399,2956,25,,,First Nation
PAUINGASSI FIRST NATION,PAUINGASSI FIRST NATION,,,PO BOX 60 ,PAUINGASSI,R0B 2G0,11,(204) 397-2371,(204) 397-2145,,,,,,0,8/9/2017,3,8/9/2014,621,66,2,,,First Nation
PEGUIS,PEGUIS,,,PO BOX 10 ,PEGUIS RESERVE,R0C 3J0,11,(204) 645-2359,(204) 645-2360,,,,,,3,3/24/2019,2,3/24/2017,3591,6940,126,,,First Nation
PINAYMOOTANG FIRST NATION,PINAYMOOTANG FIRST NATION,,,General Delivery ,FAIRFORD,R0C 0X0,11,(204) 659-5705,(204) 659-2068,,,,,,4,10/23/2021,2,10/28/2019,1435,1981,2,,,First Nation
PINE CREEK, ,,,PO BOX 70 ,CAMPERVILLE,R0L 0J0,11,(204) 524-2478,(204) 524-2801,,,,,,3,1/4/2021,4,1/4/2017,647,3203,2,,,First Nation
POPLAR RIVER FIRST NATION, ,,,PO BOX 90 ,NEGGINAN,R0B 0Z0,11,(204) 244-2267,(204) 244-2690,,,,,,4,11/4/2018,2,11/2/2016,1224,669,86,,,First Nation
RED SUCKER LAKE, ,,,GENERAL DELIVERY ,RED SUCKER LAKE,R0B 1H0,11,(204) 469-5041,(204) 469-5966,,,,,,0,2/3/2019,2,2/3/2017,976,130,14,,,First Nation
ROLLING RIVER, ,,,PO BOX 145 ,ERICKSON,R0J 0P0,11,(204) 636-2211,(204) 636-7823,,,,,,0,4/22/2020,2,4/23/2018,349,765,5,,,First Nation
ROSEAU RIVER ANISHINABE FIRST NATION GOVERNMENT, ,,,PO BOX 30 ,GINEW,R0A 2R0,11,(204) 427-2312,(204) 427-2584,,,,,,0,3/12/2019,2,3/12/2017,1220,1489,30,,,First Nation
SANDY BAY, ,,,PO BOX 109 ,MARIUS,R0H 0T0,11,(204) 843-2462,(204) 843-2706,,,,,,0,10/11/2020,2,10/11/2018,4195,2730,47,,,First Nation
SAPOTAWEYAK CREE NATION,SAPOTAWEYAK CREE NATION,,,GENERAL DELIVERY VIA PELICAN RAPIDS ,PELICAN RAPIDS,R0L 1L0,11,(204) 587-2012,(204) 587-2072,,,,,,4,10/31/2018,2,10/26/2016,859,1715,66,,,First Nation
SAYISI DENE FIRST NATION,SAYISI DENE FIRST NATION,,,GENERAL DELIVERY ,TADOULE LAKE,R0B 2C0,11,(204) 684-2022,(204) 684-2069,,,,,,0,11/12/2019,3,11/12/2016,313,552,4,,,First Nation
SHAMATTAWA FIRST NATION,SHAMATTAWA FIRST NATION,,,PO BOX 210 ,SHAMATTAWA,R0B 1K0,11,(204) 565-2340,(204) 565-2451,,,,,,0,,,3/5/2016,1426,194,5,,,First Nation
SIOUX VALLEY DAKOTA NATION, ,,,PO BOX 38 ,GRISWOLD,R0M 0S0,11,(204) 855-2671,(204) 855-2436,,,,,,,,,,1351,1194,129,,,First Nation
SKOWNAN FIRST NATION, ,,,GENERAL DELIVERY ,SKOWNAN,R0L 1Y0,11,(204) 628-3373,(204) 628-3289,,,,,,3,11/3/2020,4,11/3/2016,765,815,4,,,First Nation
ST. THERESA POINT, ,,,GENERAL DELIVERY ,ST THERESA POINT,R0B 1J0,11,(204) 462-2106,(204) 462-2646,,,,,,0,3/7/2019,3,3/7/2016,4070,334,19,,,First Nation
SWAN LAKE, ,,,PO BOX 368 ,SWAN LAKE,R0G 2S0,11,(204) 836-2101,(204) 836-2255,,,,,,3,9/19/2021,2,9/18/2019,408,1052,16,,,First Nation
TATASKWEYAK CREE NATION,TATASKWEYAK CREE NATION,,,PO BOX 250 ,SPLIT LAKE,R0B 1P0,11,(204) 342-2045,(204) 342-2270,,,,,,4,11/8/2020,2,11/6/2018,2344,1556,125,,,First Nation
TOOTINAOWAZIIBEENG TREATY RESERVE,TOOTINAOWAZIIBEENG TREATY RESERVE,,,P.O. Box 1 ,SHORTDALE,R0L 1W0,11,(204) 546-3334,(204) 546-3090,,,,,,3,11/24/2018,2,11/24/2016,706,835,6,,,First Nation
WAR LAKE FIRST NATION, ,,,GENERAL DELIVERY ,ILFORD,R0B 0S0,11,(204) 288-4315,(204) 288-4371,,,,,,2,7/9/2018,3,7/9/2015,102,223,6,,,First Nation
WASAGAMACK FIRST NATION,WASAGAMACK FIRST NATION,,,PO BOX 1 ,WASAGAMACK,R0B 1Z0,11,(204) 457-2341,(204) 457-2255,,,,,,0,2/8/2019,2,2/10/2017,1988,222,15,,,First Nation
WAYWAYSEECAPPO FIRST NATION TREATY FOUR - 1874,WAYWAYSEECAPPO FIRST NATION TREATY FOUR - 1874,,,PO BOX 9 ,WAYWAYSEECAPPO,R0J 1S0,11,(204) 859-2879,(204) 859-2403,,,,,,4,2/24/2021,4,2/24/2017,1691,1301,15,,,First Nation
WUSKWI SIPIHK FIRST NATION,WUSKWI SIPIHK FIRST NATION,,,PO BOX 220 ,BIRCH RIVER,R0L 0E0,11,(204) 236-4201,(204) 236-4786,,,,,,3,10/14/2020,4,10/14/2016,178,496,5,,,First Nation
YORK FACTORY FIRST NATION, ,,,GENERAL DELIVERY ,YORK LANDING,R0B 2B0,11,(204) 341-2180,(204) 341-2322,,,,,,3,4/25/2018,2,4/11/2016,393,997,82,,,First Nation
Arctic Bay,,,,P.O. Box 150,Arctic Bay,X0A 0A0,12,,,,,,,,,,,,,,,,,Inuit Community
Arviat,,,,P.O. Box 150,Arviat,X0C 0E0,12,,,,,,,,,,,,,,,,,Inuit Community
Baker Lake,,,,P.O. Box 149,Baker Lake,X0C 0A0,12,,,,,,,,,,,,,,,,,Inuit Community
Cambridge Bay,,,,P.O. Box 16,Cambridge Bay,X0B 0C0,12,,,,,,,,,,,,,,,,,Inuit Community
Chesterfield Inlet,,,,P.O. Box 10,Chesterfield Inlet,X0C 0B0,12,,,,,,,,,,,,,,,,,Inuit Community
Clyde River,,,,P.O. Box 89,Clyde River,X0A 0E0,12,,,,,,,,,,,,,,,,,Inuit Community
Coral Harbour,,,,P.O. Box 30,Coral Harbour,X0C 0C0,12,,,,,,,,,,,,,,,,,Inuit Community
Gjoa Haven,,,,P.O. Box 200,Gjoa Haven,X0B 1J0,12,,,,,,,,,,,,,,,,,Inuit Community
Grise Fiord,,,,P.O. Box 77,Grise Fiord,X0A 0J0,12,,,,,,,,,,,,,,,,,Inuit Community
Igloolik,Igloolik,,,P.O. Box 30,Igloolik,X0A 0L0,12,,,,,,,,,,,,,,,,,Inuit Community
Iqaluit,Iqaluit,,,P.O. Box 460,Iqaluit,X0A 0H0,12,,,,,,,,,,,,,,,,,Inuit Community
Kimmirut,Kimmirut,,,P.O. Box 120,Kimmirut,X0A 0N0,12,,,,,,,,,,,,,,,,,Inuit Community
Kinngait (Cape Dorset),Kinngait,,,P.O. Box 30,Cape Dorset,X0A 0C0,12,,,,,,,,,,,,,,,,,Inuit Community
Kugaaruk,Kugaaruk,,,P.O. Box 205,Kugaaruk,X0B 1K0,12,,,,,,,,,,,,,,,,,Inuit Community
Kugluktuk,Kugluktuk,,,P.O. Box 271,Kugluktuk,X0B 0E0,12,,,,,,,,,,,,,,,,,Inuit Community
Naujaat (Repulse Bay),Naujaat,,,P.O. Box 10,Naujaat,X0C 0H0,12,,,,,,,,,,,,,,,,,Inuit Community
Pangnirtung,Pangnirtung,,,P.O. Box 253,Pangnirtung,X0A 0R0,12,,,,,,,,,,,,,,,,,Inuit Community
Pond Inlet,,,,P.O. Box 180,Pond Inlet,X0A 0S0,12,,,,,,,,,,,,,,,,,Inuit Community
Qikiqtarjuaq,Qikiqtarjuaq,,,P.O. Box 4,Qikiqtarjuaq,X0A 0B0,12,,,,,,,,,,,,,,,,,Inuit Community
Rankin Inlet,,,,P.O. Box 310,Rankin Inlet,X0C 0G0,12,,,,,,,,,,,,,,,,,Inuit Community
Resolute Bay,,,,P.O. Box 60,Resolute Bay,X0A 0V0,12,,,,,,,,,,,,,,,,,Inuit Community
Sanikiluaq,Sanikiluaq,,,P.O. Box 157,Sanikiluaq,X0A 0W0,12,,,,,,,,,,,,,,,,,Inuit Community
Sanirajak (Hall Beach),Sanirajak,,,P.O. Box 3,Hall Beach,X0A 0J0,12,,,,,,,,,,,,,,,,,Inuit Community
Taloyoak,Taloyoak,,,P.O. Box 8,Taloyoak,X0B 1B0,12,,,,,,,,,,,,,,,,,Inuit Community
Whale Cove,,,,P.O. Box 120,Whale Cove,X0C 0J0,12,,,,,,,,,,,,,,,,,Inuit Community
"Arctic Bay Hunters and 
Trappers Associations ",,,,Box 39,Arctic Bay,X0A0A0,12,,,,,,,,,,,,,,,,,Inuit Organization
"Arviat Hunters and 
Trappers Organization",,,,Box 529,Arviat,X0C0E0,12,,,,,,,,,,,,,,,,,Inuit Organization
"Baker Lake Hunters and 
Trappers Associations ",,,,Box 255,Baker Lake,X0C0A0,12,,,,,,,,,,,,,,,,,Inuit Organization
"Chesterfield Inlet Hunters and 
Trappers Associations ",,,,Box 94,Chesterfield Inlet,X0C0G0,12,,,,,,,,,,,,,,,,,Inuit Organization
"Clyde River Hunters and 
Trappers Associations ",,,,Box 149,Clyde River,X0A0E0,12,,,,,,,,,,,,,,,,,Inuit Organization
"Coral Harbour Hunters and 
Trappers Associations ",,,,Box 108,Coral Harbour,X0C0C0,12,,,,,,,,,,,,,,,,,Inuit Organization
Ekaluktutiak (Cambridge Bay) Hunters and Trappers Association,,,,Box 78,Cambridge Bay,X0B0C0,12,,,,,,,,,,,,,,,,,Inuit Organization
"Gjoa Haven Hunters and 
Trappers Associations ",,,,Box 162,Gjoa Haven,X0B1J0,12,,,,,,,,,,,,,,,,,Inuit Organization
"Grise Fiord Hunters and 
Trappers Associations ",,,,Box 78,Grise Fiord,X0A0J0,12,,,,,,,,,,,,,,,,,Inuit Organization
"Hall Beach Hunters and 
Trappers Associations ",,,,Box 14,Hall Beach,X0A0K0,12,,,,,,,,,,,,,,,,,Inuit Organization
"Igloolik Hunters and Trappers 
Associations ",,,,Box 89,Igloolik,X0A0L0,12,,,,,,,,,,,,,,,,,Inuit Organization
"Iqaluit Hunters and 
Trappers Associations ",,,,Box 629,Iqaluit,X0A0H0,12,,,,,,,,,,,,,,,,,Inuit Organization
"Kimmirut Hunters and 
Trappers Associations ",,,,Box 99,Kimmirut,X0A0N0,12,,,,,,,,,,,,,,,,,Inuit Organization
"Kinngait (Cape Dorset) Hunters and 
Trappers Associations ",,,,Box 300,Cape Dorset,X0A0C0,12,,,,,,,,,,,,,,,,,Inuit Organization
Kivalliq Wildlife Board,,,,Box 219,Rankin Inlet,X0C0G0,12,,,,,,,,,,,,,,,,,Inuit Organization
"Kugaaruk
Hunters and Trappers Associations ",,,,Box 114,Kugaaruk,X0B1K0,12,,,,,,,,,,,,,,,,,Inuit Organization
Kugluktuk Hunters and Trappers Associations,,,,Box 309,Kugluktuk,X0B0E0,12,,,,,,,,,,,,,,,,,Inuit Organization
"Naujaat Hunters and 
Trappers Associations ",,,,Box 39,Naujaat,X0C0H0,12,,,,,,,,,,,,,,,,,Inuit Organization
"Pangnirtung Hunters and 
Trappers Organization",,,,Box 2,Pangnirtung,X0A0R0,12,,,,,,,,,,,,,,,,,Inuit Organization
"Pond Inlet Hunters and Trappers 
Associations ",,,,Bxo 189,Pond Inlet,X0A0S0,12,,,,,,,,,,,,,,,,,Inuit Organization
"Qikiqtarjuaq Hunters and 
Trappers Associations ",,,,Box 10,Qikiqtarguaq,X0A0B0,12,,,,,,,,,,,,,,,,,Inuit Organization
"Rankin Inlet Hunters and 
Trappers Associations ",,,,Box 194,Rankin Inlet,X0C0G1,12,,,,,,,,,,,,,,,,,Inuit Organization
"Resolute Bay Hunters and 
Trappers Associations ",,,,Box 61,Resolute Bay,X0A0V0,12,,,,,,,,,,,,,,,,,Inuit Organization
"Sanikiliaq Hunters and 
Trappers Organization",,,,Box 174,Sanikiluaq,X0A0W0,12,,,,,,,,,,,,,,,,,Inuit Organization
"Taloyoak Hunters and Trappers
 Associations ",,,,General Delivery,Taloyoak ,X0B1B0,12,,,,,,,,,,,,,,,,,Inuit Organization
"Whale Cove Hunters and 
Trappers Associations ",,,,Box 119,Whale Cove,X0C0J0,12,,,,,,,,,,,,,,,,,Inuit Organization
ACHO DENE KOE FIRST NATION,ACHO DENE KOE FIRST NATION,,,GENERAL DELIVERY ,FORT LIARD,X0E 0A0,13,(867) 770-4144,(867) 770-4004,,,,,,0,5/14/2020,3,5/15/2017,1,698,13,,,First Nation
AKLAVIK,AKLAVIK,,,PO BOX 118 ,AKLAVIK,X0E 0A0,13,(867) 978-2340,(867) 978-2937,,,,,,0,11/26/2018,2,11/27/2016,5,436,0,,,First Nation
"BEHDZI AHDA"" FIRST NATION","BEHDZI AHDA"" FIRST NATION",,,PO BOX 53 ,COLVILLE LAKE,X0E 0L0,13,(867) 709-2200,(867) 709-2202,,,,,,0,12/18/2021,4,12/18/2017,2,257,0,,,First Nation
DECHI LAOT'I FIRST NATIONS,DECHI LAOT'I FIRST NATIONS,,,PO BOX 34 ,WEKWETI,X0E 1W0,13,(867) 713-2511,(867) 713-2064,,,,,,,6/11/2021,4,6/12/2017,0,192,0,,,First Nation
DEH GÁH GOT'IE DENE FIRST NATION,DEH GÁH GOT'IE DENE FIRST NATION,,,PO BOX 200 ,FORT PROVIDENCE,X0E 0L0,13,(867) 699-7000,(867) 699-3134,,,,,,0,11/20/2021,2,11/20/2019,0,1102,7,,,First Nation
DELINE FIRST NATION, ,,,PO BOX 156 ,DELINE,X0E 0G0,13,(867) 589-8100,(867) 589-8101,,,,,,0,8/31/2020,4,6/6/2016,2,1068,4,,,First Nation
DENINU K'UE FIRST NATION,DENINU K'UE FIRST NATION,,,PO BOX 1899 ,FORT RESOLUTION,X0E 0M0,13,(867) 394-4335,(867) 394-5122,,,,,,0,7/14/2023,4,3/14/2019,1,968,3,,,First Nation
DOG RIB RAE, ,,,PO BOX 412 ,BEHCHOKO,X0E 0Y0,13,(867) 392-6385,(867) 392-6389,,,,,,0,6/11/2021,4,6/12/2017,10,3282,1,,,First Nation
FORT GOOD HOPE, ,,,PO BOX 80 ,FORT GOOD HOPE,X0E 0H0,13,(867) 598-2231,(867) 598-2024,,,,,,0,7/27/2019,2,7/28/2017,3,919,2,,,First Nation
GAMETI FIRST NATION,GAMETI FIRST NATION,,,PO BOX 104 ,GAMETI,X0E 1R0,13,(867) 997-3074,(867) 997-3097,,,,,,0,6/2/2018,5,3/29/2013,2,362,0,,,First Nation
GWICHYA GWICH'IN,GWICHYA GWICH'IN,,,PO BOX 4 ,TSIIGEHTCHIC,X0E 0B0,13,(867) 953-3201,(867) 953-3302,,,,,,0,7/1/2018,3,6/15/2015,3,487,2,,,First Nation
INUVIK NATIVE, ,,,PO BOX 2570 ,INUVIK,X0E 0T0,13,(867) 777-6650,(867) 777-6651,,,,,,0,4/17/2020,3,3/20/2017,4,644,1,,,First Nation
JEAN MARIE RIVER FIRST NATION, ,,,GENERAL DELIVERY ,JEAN MARIE RIVER,X0E 0N0,13,(867) 809-2000,(867) 809-2002,,,,,,0,2/28/2021,3,2/13/2018,2,161,0,,,First Nation
K'ATLODEECHE FIRST NATION,K'ATLODEECHE FIRST NATION,,,PO BOX 3060 ,HAY RIVER RESERVE,X0E 1G4,13,(867) 874-6701,(867) 874-3229,,,,,,0,7/19/2023,4,7/19/2019,232,422,10,,,First Nation
KA'A'GEE TU FIRST NATION,KA'A'GEE TU FIRST NATION,,,PO BOX 4428 ,HAY RIVER,X0E 1G3,13,(867) 825-2000,(867) 825-2002,,,,,,0,11/7/2021,3,11/7/2018,0,71,1,,,First Nation
LIIDLII KUE FIRST NATION,LIIDLII KUE FIRST NATION,,,PO BOX 469 ,FORT SIMPSON,X0E 0N0,13,(867) 695-3131,(867) 695-2665,,,,,,0,8/28/2021,3,8/28/2018,1,1372,3,,,First Nation
LUTSEL K'E DENE FIRST NATION,LUTSEL K'E DENE FIRST NATION,,,PO BOX 28 ,LUTSEL K'E,X0E 1A0,13,(867) 370-3051,(867) 370-3010,,,,,,0,4/24/2020,3,4/25/2017,10,800,6,,,First Nation
NAHANNI BUTTE, ,,,GENERAL DELIVERY ,NAHANNI BUTTE,X0E 0N0,13,(867) 602-2900,(867) 602-2910,,,,,,0,11/5/2020,2,11/5/2018,1,140,0,,,First Nation
PEHDZEH KI FIRST NATION,PEHDZEH KI FIRST NATION,,,GENERAL DELIVERY ,WRIGLEY,X0E 1E0,13,(867) 581-3321,(867) 581-3229,,,,,,4,10/3/2020,3,10/3/2017,0,346,1,,,First Nation
SALT RIVER FIRST NATION #195, ,,,PO BOX 960 ,FORT SMITH,X0E 0P0,13,(867) 872-2986,(867) 872-3550,,,,,,4,9/26/2019,3,9/26/2016,6,1011,9,,,First Nation
SAMBAA K'E FIRST NATION,SAMBAA K'E FIRST NATION,,,PO BOX 10 VIA FORT SIMPSON ,TROUT LAKE,X0E 0N0,13,(867) 206-2800,(867) 206-2828,,,,,,0,7/5/2021,4,7/5/2017,0,120,0,,,First Nation
TEETL'IT GWICH'IN BAND COUNCIL,TEETL'IT GWICH'IN BAND COUNCIL,,,PO BOX 30 ,FORT MCPHERSON,X0E 0J0,13,(867) 952-2330,(867) 952-2212,,,,,,0,6/24/2022,3,6/24/2019,6,1424,3,,,First Nation
TULITA DENE,TULITA DENE,,,PO BOX 118 ,TULITA,X0E 0K0,13,(867) 588-3341,(867) 588-3613,,,,,,0,9/24/2021,4,8/11/2017,2,723,6,,,First Nation
WEST POINT FIRST NATION, ,,,1 - 47031 MACKENZIE HWY ,HAY RIVER,X0E 0R9,13,(867) 874-6677,(867) 874-2486,,,,,,3,6/27/2019,3,6/27/2016,15,62,0,,,First Nation
WHA TI FIRST NATION,WHA TI FIRST NATION,,,PO BOX 92 ,WHA TI,X0E 1P0,13,(867) 573-3012,(867) 573-3222,,,,,,,6/11/2021,4,6/12/2017,1,681,0,,,First Nation
YELLOWKNIVES DENE FIRST NATION,,,,PO BOX 2514 ,YELLOWKNIFE,X1A 2P8,13,(867) 873-4307,(867) 873-5969,,,,,,0,9/26/2023,4,8/26/2019,6,1605,5,,,First Nation
AAMJIWNAANG,AAMJIWNAANG,,,978 TASHMOO AVENUE ,SARNIA,N7T 7H5,6,(519) 336-8410,(519) 336-0382,,,,,,0,10/18/2022,2,10/9/2020,909,1504,84,,,First Nation
ALBANY, ,,,PO BOX 1 ,FORT ALBANY,P0L 1H0,6,(705) 278-1044,(705) 278-1193,,,,,,0,8/10/2022,2,8/22/2020,3244,1936,87,,,First Nation
ALDERVILLE FIRST NATION, ,,,11696 Second Line Road ,ROSENEATH,K0K 2X0,6,(905) 352-2011,(905) 352-3242,,,,,,3,7/22/2021,2,7/5/2019,313,983,7,,,First Nation
ALGONQUINS OF PIKWAKANAGAN FIRST NATION, ,,,1657A Mishomis Inamo ,Pikwakanagan,K0J 1X0,6,(613) 625-2800,(613) 625-2332,,,,,,0,3/29/2023,3,3/28/2020,450,2642,3,,,First Nation
ANIMAKEE WA ZHING #37,ANIMAKEE WA ZHING #37,,,PO BOX 1590 ,KENORA,P9N 3X7,6,(807) 226-5353,(807) 226-1164,,,,,,3,4/20/2023,2,4/17/2021,196,321,6,,,First Nation
ANIMBIIGOO ZAAGI'IGAN ANISHINAABEK,ANIMBIIGOO ZAAGI'IGAN ANISHINAABEK,,,PO BOX 120 ,BEARDMORE,P0T 1G0,6,(807) 875-2785,(807) 875-2786,,,,,,3,3/31/2022,3,3/15/2019,3,523,5,,,First Nation
ANISHINABE OF WAUZHUSHK ONIGUM,ANISHINABE OF WAUZHUSHK ONIGUM,,,PO BOX 1850 ,KENORA,P9N 3X8,6,(807) 548-5868,(807) 548-6186,,,,,,0,,,12/16/2019,382,407,9,,,First Nation
ANISHNAABEG OF NAONGASHIING,ANISHNAABEG OF NAONGASHIING,,,PO BOX 335 ,MORSON,P0W 1J0,6,(807) 488-5602,(807) 488-5942,,,,,,0,12/27/2021,4,11/25/2017,180,230,23,,,First Nation
AROLAND, ,,,PO BOX 10 ,AROLAND,P0T 1B0,6,(807) 329-5970,(807) 329-5750,,,,,,5,11/17/2021,2,11/16/2019,26,703,6,,,First Nation
ATIKAMEKSHENG ANISHNAWBEK,ATIKAMEKSHENG ANISHNAWBEK,,,25 RESERVE ROAD ,NAUGHTON,P0M 2M0,6,(705) 692-3651,(705) 692-5010,,,,,,4,6/30/2024,4,6/27/2020,393,928,44,,,First Nation
ATTAWAPISKAT,ATTAWAPISKAT,,,PO BOX 248 ,ATTAWAPISKAT,P0L 1A0,6,(705) 997-2375,(705) 997-2422,,,,,,0,8/26/2022,3,8/23/2019,1992,1598,90,,,First Nation
AUNDECK-OMNI-KANING,AUNDECK-OMNI-KANING,,,"RR 1, COMP 21 ",LITTLE CURRENT,P0P 1K0,6,(705) 368-2228,(705) 368-3563,,,,,,0,8/29/2023,3,8/29/2020,367,487,20,,,First Nation
BATCHEWANA FIRST NATION,BATCHEWANA FIRST NATION,,,236 FRONTENAC STREET ,SAULT STE MARIE,P6A 5K9,6,(705) 759-0914,(705) 759-9171,,,,,,0,5/5/2023,2,5/5/2021,801,2251,40,,,First Nation
BEARSKIN LAKE, ,,,PO BOX 25 ,BEARSKIN LAKE,P0V 1E0,6,(807) 363-2518,(807) 363-1066,,,,,,0,9/30/2021,2,6/1/2020,480,454,8,,,First Nation
BEAUSOLEIL, ,,,GENERAL DELIVERY ,CEDAR POINT,L0K 1C0,6,(705) 247-2051,(705) 247-2239,,,,,,0,6/6/2023,2,5/22/2021,659,2260,24,,,First Nation
BIG GRASSY, ,,,PO BOX 414 ,MORSON,P0W 1J0,6,(807) 488-5614,(807) 488-5533,,,,,,4,1/9/2023,2,1/7/2021,262,525,40,,,First Nation
BIIGTIGONG NISHNAABEG,BIIGTIGONG NISHNAABEG,,,PO BOX 193 ,HERON BAY,P0T 1R0,6,(807) 229-1749,(807) 229-1944,,,,,,5,11/2/2021,2,11/2/2019,538,701,1,,,First Nation
BIINJITIWAABIK ZAAGING ANISHINAABEK,BIINJITIWAABIK ZAAGING ANISHINAABEK,,,GENERAL DELIVERY ,MACDIARMID,P0T 2B0,6,(807) 885-3401,(807) 885-1218,,,,,,4,11/17/2022,4,11/17/2018,328,431,8,,,First Nation
BINGWI NEYAASHI ANISHINAABEK,BINGWI NEYAASHI ANISHINAABEK,,,292 Court Street South ,Thunder Bay,P7B 6C6,6,(807) 623-2724,(807) 623-2764,,,,,,0,2/20/2025,4,2/20/2021,64,253,18,,,First Nation
BRUNSWICK HOUSE, ,,,PO BOX 1178 ,CHAPLEAU,P0M 1K0,6,(705) 864-0174,(705) 864-1960,,,,,,4,8/16/2021,2,8/6/2019,214,658,5,,,First Nation
CALDWELL, ,,,14 ORANGE STREET ,LEAMINGTON,N8H 1P5,6,(519) 322-1766,(519) 322-1533,,,,,,5,6/5/2021,3,1/20/2018,2,460,0,,,First Nation
CAT LAKE, ,,,PO BOX 81 ,CAT LAKE,P0V 1J0,6,(807) 347-2100,(807) 347-2116,,,,,,4,7/1/2022,2,7/6/2020,653,147,27,,,First Nation
CHAPLEAU CREE FIRST NATION, ,,,PO BOX 400 ,CHAPLEAU,P0M 1K0,6,(705) 864-0784,(705) 864-1760,,,,,,0,6/9/2022,3,6/8/2019,57,494,3,,,First Nation
CHAPLEAU OJIBWAY, ,,,85 Northern Avenue East ,Sault Ste. Marie,P6B 4H5,6,(705) 864-2910,(705) 864-2911,,,,,,,,,8/31/2016,30,9,1,,,First Nation
CHIPPEWAS OF GEORGINA ISLAND, ,,,RR 2 PO BOX 13 ,SUTTON WEST,L0E 1R0,6,(705) 437-1337,(705) 437-4597,,,,,,3,3/21/2024,3,3/16/2021,208,720,1,,,First Nation
CHIPPEWAS OF KETTLE AND STONY POINT, ,,,6247 INDIAN LANE ,KETTLE AND STONY POINT FIRST NATION,N0N 1J1,6,(519) 786-2125,(519) 786-2108,,,,,,5,11/13/2022,2,11/13/2020,1351,1184,26,,,First Nation
CHIPPEWAS OF NAWASH FIRST NATION, ,,,135 Lakeshore Blvd ,Neyaashiinigmiing,N0H 2T0,6,(519) 534-1689,(519) 534-2130,,,,,,5,8/5/2021,2,8/2/2019,721,2013,28,,,First Nation
CHIPPEWAS OF RAMA FIRST NATION, ,,,200 - 5884 RAMA ROAD ,RAMA,L3V 6H6,6,(705) 325-3611,(705) 325-0879,,,,,,4,9/2/2024,4,8/28/2020,733,1304,16,,,First Nation
CHIPPEWAS OF THE THAMES FIRST NATION, ,,,RR 1 ,MUNCEY,N0L 1Y0,6,(519) 289-5555,(519) 289-2230,,,,,,5,7/27/2021,2,7/20/2019,997,1979,13,,,First Nation
CONSTANCE LAKE, ,,,P.O. Box 4000 ,CONSTANCE LAKE,P0L 1B0,6,(705) 463-4511,(705) 463-2222,,,,,,4,6/23/2021,2,6/22/2019,872,895,22,,,First Nation
COUCHICHING FIRST NATION,COUCHICHING FIRST NATION,,,RR 2 RMB 2027 ,FORT FRANCES,P9A 3M3,6,(807) 274-3228,(807) 274-6458,,,,,,0,3/7/2022,2,3/4/2020,714,1982,46,,,First Nation
CURVE LAKE, ,,,GENERAL DELIVERY ,CURVE LAKE,K0L 1R0,6,(705) 657-8045,(705) 657-8708,,,,,,0,6/24/2022,3,6/17/2019,793,1819,10,,,First Nation
DEER LAKE, ,,,GENERAL DELIVERY ,DEER LAKE,P0V 1N0,6,(807) 775-2141,(807) 775-2220,,,,,,5,7/15/2021,2,7/15/2019,1085,245,37,,,First Nation
DOKIS, ,,,948 MAIN STREET ,DOKIS FIRST NATION,P0M 2N1,6,(705) 763-2575,(705) 763-2359,,,,,,4,11/21/2022,2,11/21/2020,199,1146,2,,,First Nation
EABAMETOONG FIRST NATION,EABAMETOONG FIRST NATION,,,PO BOX 298 ,FORT HOPE,P0T 1L0,6,(807) 242-7221,(807) 242-1441,,,,,,4,6/23/2021,2,6/17/2019,1568,1130,56,,,First Nation
EAGLE LAKE, ,,,PO BOX 1001 ,MIGISI SAHGAIGAN,P0V 3H0,6,(807) 755-5526,(807) 755-5696,,,,,,3,10/7/2022,2,10/7/2020,363,262,12,,,First Nation
FLYING POST, ,,,PO BOX 1027 ,NIPIGON,P0T 2J0,6,(807) 887-3071,(807) 887-1138,,,,,,0,5/9/2023,3,5/9/2020,1,260,0,,,First Nation
FORT SEVERN, ,,,GENERAL DELIVERY ,FORT SEVERN,P0V 1W0,6,(807) 478-2572,(807) 478-2591,,,,,,3,7/9/2022,3,7/10/2019,545,167,13,,,First Nation
FORT WILLIAM, ,,,"90 ANEMKI DRIVE, SUITE 200 ",FORT WILLIAM FIRST NATION,P7J 1L3,6,(807) 623-9543,(807) 623-5190,,,,,,5,4/14/2023,4,4/15/2019,980,1617,21,,,First Nation
GARDEN RIVER FIRST NATION, ,,,7 SHINGWAUK STREET RR 4 ,GARDEN RIVER,P6A 6Z8,6,(705) 946-6300,(705) 945-1415,,,,,,5,9/19/2021,2,9/19/2019,1293,1801,63,,,First Nation
GINOOGAMING FIRST NATION,GINOOGAMING FIRST NATION,,,PO BOX 89 ,LONGLAC,P0T 2A0,6,(807) 876-2242,(807) 876-2495,,,,,,4,8/22/2021,2,8/20/2019,206,758,19,,,First Nation
GRASSY NARROWS FIRST NATION, ,,,GENERAL DELIVERY ,GRASSY NARROWS,P0X 1B0,6,(807) 925-2201,(807) 925-2649,,,,,,0,10/8/2022,2,10/8/2020,968,585,45,,,First Nation
GULL BAY, ,,,1186 MEMORIAL AVENUE PO BOX 29100 MCINTYRE CENTRE ,THUNDER BAY,P7B 6P9,6,(807) 982-0006,(807) 982-0009,,,,,,5,11/20/2021,5,11/26/2016,373,1084,20,,,First Nation
HENVEY INLET FIRST NATION, ,,,295 PICKEREL RIVER RD ,PICKEREL,P0G 1J0,6,(705) 857-2331,(705) 857-3021,,,,,,4,3/23/2023,2,3/18/2021,198,766,4,,,First Nation
HIAWATHA FIRST NATION,HIAWATHA FIRST NATION,,,123 Paudash Street ,HIAWATHA FIRST NATION,K9J 0E6,6,(705) 295-4421,(705) 295-4424,,,,,,4,1/31/2023,2,1/20/2021,204,654,1,,,First Nation
ISKATEWIZAAGEGAN #39 INDEPENDENT FIRST NATION,ISKATEWIZAAGEGAN #39 INDEPENDENT FIRST NATION,,,GENERAL DELIVERY ,KEJICK,P0X 1E0,6,(807) 733-2560,(807) 733-3106,,,,,,0,3/26/2022,2,3/26/2020,332,314,31,,,First Nation
KASABONIKA LAKE, ,,,PO BOX 124 ,KASABONIKA LAKE,P0V 1Y0,6,(807) 535-2547,(807) 535-1152,,,,,,0,2/21/2022,2,2/21/2020,1129,67,27,,,First Nation
KEE-WAY-WIN,KEE-WAY-WIN,,,GENERAL DELIVERY ,KEEWAYWIN,P0V 3G0,6,(807) 771-1210,(807) 771-1053,,,,,,0,3/31/2022,2,3/30/2020,491,226,114,,,First Nation
KINGFISHER, ,,,PO BOX 57 ,KINGFISHER LAKE,P0V 1Z0,6,(807) 532-2067,(807) 532-2063,,,,,,0,9/15/2022,2,9/12/2020,559,61,7,,,First Nation
KITCHENUHMAYKOOSIB INNINUWUG,KITCHENUHMAYKOOSIB INNINUWUG,,,PO BOX 329 ,BIG TROUT LAKE,P0V 1G0,6,(807) 537-2263,(807) 537-2574,,,,,,5,,,11/29/2019,1182,528,29,,,First Nation
LAC DES MILLE LACS, ,,,328 - 1100 MEMORIAL AVENUE ,THUNDER BAY,P7B 4A3,6,(807) 622-9835,(807) 622-9866,,,,,,4,6/8/2021,2,11/1/2019,6,614,1,,,First Nation
LAC LA CROIX, ,,,PO BOX 640 ,FORT FRANCES,P9A 3M9,6,(807) 485-2431,(807) 485-2583,,,,,,3,1/21/2022,2,1/21/2020,315,151,9,,,First Nation
LAC SEUL, ,,,PO BOX 100 ,HUDSON,P0V 1X0,6,(807) 582-3503,(807) 582-3449,,,,,,0,11/13/2022,2,11/13/2020,927,2655,31,,,First Nation
LONG LAKE NO.58 FIRST NATION, ,,,PO BOX 609 ,LONGLAC,P0T 2A0,6,(807) 876-2292,(807) 876-2757,,,,,,0,1/21/2022,2,1/20/2020,540,1175,5,,,First Nation
M'CHIGEENG FIRST NATION,M'CHIGEENG FIRST NATION,,,PO BOX 333 53 HWY 551 ,M'CHIGEENG,P0P 1G0,6,(705) 377-5362,(705) 377-4980,,,,,,0,3/27/2023,3,3/28/2020,926,1705,35,,,First Nation
MAGNETAWAN,MAGNETAWAN,,,10 HWY 529 ,BRITT,P0G 1A0,6,(705) 383-2477,(705) 383-2566,,,,,,2,7/6/2021,2,4/20/2019,75,215,6,,,First Nation
MARTIN FALLS, ,,,GENERAL DELIVERY ,OGOKI POST,P0T 2L0,6,(807) 349-2509,(807) 349-2511,,,,,,5,9/29/2021,2,9/24/2019,352,433,35,,,First Nation
MATACHEWAN,MATACHEWAN,,,PO BOX 160 ,MATACHEWAN,P0K 1M0,6,(705) 565-2230,(705) 565-2585,,,,,,6,3/23/2023,2,3/20/2021,49,884,3,,,First Nation
MATTAGAMI,MATTAGAMI,,,PO BOX 99 ,GOGAMA,P0M 1W0,6,(705) 894-2072,(705) 894-2887,,,,,,4,10/9/2021,2,4/6/2019,167,440,6,,,First Nation
MCDOWELL LAKE, ,,,PO BOX 321 ,RED LAKE,P0V 2M0,6,(807) 735-1381,(807) 735-1383,,,,,,0,3/29/2023,4,3/29/2019,0,56,1,,,First Nation
MICHIPICOTEN,MICHIPICOTEN,,,"PO BOX 1, SITE 8 RR 1 ",WAWA,P0S 1K0,6,(705) 856-1993,(705) 856-1642,,,,,,4,3/31/2023,2,3/20/2021,65,1153,1,,,First Nation
MISHKEEGOGAMANG,MISHKEEGOGAMANG,,,GENERAL DELIVERY ,OSNABURGH,P0V 2H0,6,(807) 928-2414,(807) 928-2077,,,,,,4,8/9/2021,2,8/9/2019,1130,759,119,,,First Nation
MISSANABIE CREE,MISSANABIE CREE,,,174B HWY 17B ,GARDEN RIVER,P6A 6Z1,6,(705) 254-2702,(705) 254-3292,,,,,,0,8/18/2022,3,8/15/2019,3,534,2,,,First Nation
MISSISSAUGA, ,,,PO BOX 1299 ,BLIND RIVER,P0R 1B0,6,(705) 356-1621,(705) 356-1740,,,,,,0,12/6/2023,3,12/6/2020,389,1009,5,,,First Nation
MISSISSAUGAS OF SCUGOG ISLAND FIRST NATION, ,,,22521 ISLAND ROAD ,PORT PERRY,L9L 1B6,6,(905) 985-3337,(905) 985-8828,,,,,,2,6/30/2021,2,6/24/2019,48,196,5,,,First Nation
MISSISSAUGAS OF THE CREDIT, ,,,2789 MISSISSAUGA ROAD RR 6 ,HAGERSVILLE,N0A 1H0,6,(905) 768-1133,(905) 768-1225,,,,,,5,12/15/2021,2,12/14/2019,953,1637,41,,,First Nation
MITAANJIGAMIING FIRST NATION,MITAANJIGAMIING FIRST NATION,,,PO BOX 609 ,FORT FRANCES,P9A 3M9,6,(807) 274-2188,(807) 274-4774,,,,,,0,5/6/2023,2,5/3/2021,127,57,4,,,First Nation
MOHAWKS OF THE BAY OF QUINTE, ,,,24 MEADOW DRIVE ,TYENDINAGA MOHAWK TERRITORY,K0K 1X0,6,(613) 396-3424,(613) 396-3627,,,,,,3,12/17/2021,2,12/7/2019,363,451,5,,,First Nation
MOOSE CREE FIRST NATION, ,,,PO BOX 190 ,MOOSE FACTORY,P0L 1W0,6,(705) 658-4619,(705) 658-4734,,,,,,0,7/4/2023,4,7/2/2019,1840,2939,92,,,First Nation
MOOSE DEER POINT, ,,,PO BOX 119 ,MACTIER,P0C 1H0,6,(705) 375-5209,(705) 375-0532,,,,,,3,8/1/2021,4,8/1/2017,135,374,6,,,First Nation
MORAVIAN OF THE THAMES, ,,,14760 Schoolhouse Line RR 3 ,THAMESVILLE,N0P 2K0,6,(519) 692-3936,(519) 692-5522,,,,,,0,5/31/2021,2,6/3/2019,586,717,25,,,First Nation
MUNSEE-DELAWARE NATION, ,,,RR 1 ,MUNCEY,N0L 1Y0,6,(519) 289-5396,(519) 289-5156,,,,,,0,4/1/2022,2,3/28/2020,161,498,23,,,First Nation
MUSKRAT DAM LAKE, ,,,PO BOX 140 ,MUSKRAT DAM,P0V 3B0,6,(807) 471-2574,(807) 471-9767,,,,,,0,10/7/2022,2,10/7/2020,238,212,23,,,First Nation
NAICATCHEWENIN,NAICATCHEWENIN,,,PO BOX 15 RR 1 ,DEVLIN,P0W 1C0,6,(807) 486-3407,(807) 486-3704,,,,,,0,1/17/2022,4,1/18/2018,323,197,1,,,First Nation
NAOTKAMEGWANNING,NAOTKAMEGWANNING,,,1800 PAWITIK STREET ,PAWITIK,P0X 1L0,6,(807) 226-5411,(807) 226-5389,,,,,,3,11/15/2021,2,11/9/2019,744,526,24,,,First Nation
NESKANTAGA FIRST NATION,NESKANTAGA FIRST NATION,,,PO BOX 105 ,LANSDOWNE HOUSE,P0T 1Z0,6,(807) 479-2570,(807) 479-1138,,,,,,0,3/31/2023,2,3/8/2021,356,119,17,,,First Nation
NIBINAMIK FIRST NATION,NIBINAMIK FIRST NATION,,,GENERAL DELIVERY ,SUMMER BEAVER,P0T 3B0,6,(807) 593-2131,(807) 593-2270,,,,,,0,11/26/2021,2,11/29/2019,70,459,8,,,First Nation
NIGIGOONSIMINIKAANING FIRST NATION,NIGIGOONSIMINIKAANING FIRST NATION,,,PO BOX 68 ,FORT FRANCES,P9A 3M5,6,(807) 481-2508,(807) 481-2552,,,,,,3,7/18/2022,4,7/18/2018,179,233,4,,,First Nation
NIISAACHEWAN ANISHINAABE NATION,NIISAACHEWAN ANISHINAABE NATION,,,22 BAND OFFICE RD. ,DALLES,P9N 0J2,6,(807) 548-5876,(807) 548-2337,,,,,,0,4/17/2022,2,6/27/2020,169,301,18,,,First Nation
NIPISSING FIRST NATION,NIPISSING FIRST NATION,,,36 SEMO ROAD ,GARDEN VILLAGE,P2B 3K2,6,(705) 753-2050,(705) 753-0207,,,,,,0,7/31/2021,3,7/13/2018,995,1956,26,,,First Nation
NORTH CARIBOU LAKE, ,,,PO Box 154 30 Band Office Road ,WEAGAMOW LAKE,P0V 2Y0,6,(807) 469-5191,(807) 469-1315,,,,,,5,11/27/2021,2,11/27/2019,898,268,53,,,First Nation
NORTH SPIRIT LAKE, ,,,GENERAL DELIVERY ,NORTH SPIRIT LAKE,P0V 2G0,6,(807) 776-0021,(807) 776-0026,,,,,,0,3/31/2022,2,4/27/2020,417,63,6,,,First Nation
NORTHWEST ANGLE NO.33, ,,,BOX 1490 ,KENORA,P9N 3X7,6,(807) 733-2200,(807) 733-3148,,,,,,4,8/26/2022,2,8/26/2020,225,316,38,,,First Nation
OJIBWAY NATION OF SAUGEEN, ,,,GENERAL DELIVERY ,SAVANT LAKE,P0V 2S0,6,(807) 928-2824,(807) 928-2710,,,,,,3,,,4/28/1985,83,156,5,,,First Nation
OJIBWAYS OF ONIGAMING FIRST NATION, ,,,PO BOX 160 ,NESTOR FALLS,P0X 1K0,6,(807) 484-2162,(807) 484-2737,,,,,,4,8/4/2021,2,8/1/2019,470,330,15,,,First Nation
ONEIDA NATION OF THE THAMES, ,,,RR 2 ,SOUTHWOLD,N0L 2G0,6,(519) 652-3244,(519) 652-9287,,,,,,7,7/8/2022,2,6/20/2020,2184,4118,48,,,First Nation
PAYS PLAT, ,,,10 CENTRAL PLACE ,PAYS PLAT,P0T 3C0,6,(807) 824-2541,(807) 824-2206,,,,,,0,11/17/2023,4,11/9/2019,71,193,7,,,First Nation
PIC MOBERT, ,,,PO BOX 717 ,MOBERT,P0M 2J0,6,(807) 822-2134,(807) 822-2850,,,,,,5,7/27/2021,4,7/27/2017,355,697,2,,,First Nation
PIKANGIKUM,PIKANGIKUM,,,PO BOX 323 ,PIKANGIKUM,P0V 2L0,6,(807) 773-5578,(807) 773-5536,,,,,,7,,,4/2/2006,3049,110,21,,,First Nation
POPLAR HILL, ,,,PO BOX 1 ,POPLAR HILL,P0V 3E0,6,(807) 772-8838,(807) 772-8876,,,,,,0,7/19/2022,2,7/17/2020,662,20,16,,,First Nation
RAINY RIVER FIRST NATIONS, ,,,PO BOX 450 ,EMO,P0W 1E0,6,(807) 482-2479,(807) 482-2603,,,,,,3,10/18/2022,3,10/18/2019,464,733,21,,,First Nation
RED ROCK, ,,,PO BOX 1030 ,NIPIGON,P0T 2J0,6,(807) 887-2510,(807) 887-3446,,,,,,3,9/9/2021,2,9/7/2019,283,1810,15,,,First Nation
SACHIGO LAKE, ,,,PO BOX 51 ,SACHIGO LAKE,P0V 2P0,6,(807) 595-2527,(807) 595-1119,,,,,,0,3/31/2023,2,4/30/2021,536,390,40,,,First Nation
SAGAMOK ANISHNAWBEK,SAGAMOK ANISHNAWBEK,,,PO BOX 610 ,MASSEY,P0P 1P0,6,(705) 865-2421,(705) 865-3307,,,,,,0,8/15/2022,2,8/12/2020,1596,1459,22,,,First Nation
SANDY LAKE, ,,,PO BOX 12 ,SANDY LAKE,P0V 1V0,6,(807) 774-3421,(807) 774-1040,,,,,,0,4/1/2022,2,6/11/2020,2642,483,51,,,First Nation
SAUGEEN, ,,,6493 Hwy 21 ,Saugeen First Nation # 29,N0H 2L0,6,(519) 797-2781,(519) 797-2978,,,,,,0,8/31/2022,2,8/31/2020,799,1064,52,,,First Nation
SEINE RIVER FIRST NATION, ,,,PO BOX 124 ,MINE CENTRE,P0W 1H0,6,(807) 599-2224,(807) 599-2865,,,,,,5,2/10/2022,2,1/16/2020,364,431,10,,,First Nation
SERPENT RIVER, ,,,PO BOX 14 195 VILLAGE ROAD ,CUTLER,P0P 1B0,6,(705) 844-2418,(705) 844-2757,,,,,,5,11/2/2021,2,10/26/2019,373,1076,24,,,First Nation
SHAWANAGA FIRST NATION,SHAWANAGA FIRST NATION,,,RR1 2 VILLAGE ROAD ,NOBEL,P0G 1G0,6,(705) 366-2526,(705) 366-2740,,,,,,0,5/14/2025,4,5/15/2021,182,525,4,,,First Nation
SHEGUIANDAH,SHEGUIANDAH,,,PO BOX 101 ,SHEGUIANDAH,P0P 1W0,6,(705) 368-2781,(705) 368-3697,,,,,,3,11/22/2021,2,11/6/2019,148,267,33,,,First Nation
SHESHEGWANING,SHESHEGWANING,,,1079A SHESHEGWANING ROAD ,SHESHEGWANING,P0P 1X0,6,(705) 283-3292,(705) 283-3481,,,,,,3,11/21/2021,2,11/16/2019,116,332,5,,,First Nation
SHOAL LAKE NO.40, ,,,GENERAL DELIVERY ,KEJICK,P0X 1E0,6,(807) 733-2315,(807) 733-3115,,,,,,3,3/15/2022,2,3/9/2020,294,358,13,,,First Nation
SIX NATIONS OF THE GRAND RIVER, ,,,PO BOX 5000 ,OHSWEKEN,N0A 1M0,6,(519) 445-2201,(519) 445-4208,,,,,,0,11/12/2023,4,11/9/2019,0,0,0,,,First Nation
SLATE FALLS NATION, ,,,48 LAKEVIEW DR ,SLATE FALLS,P0V 3C0,6,(807) 737-5700,(807) 347-1299,,,,,,2,11/30/2021,3,11/30/2018,36,254,8,,,First Nation
TAYKWA TAGAMOU NATION,TAYKWA TAGAMOU NATION,,,PO BOX 3310 RR 2 ,COCHRANE,P0L 1C0,6,(705) 272-5766,(705) 272-5785,,,,,,0,10/13/2021,4,10/12/2017,141,483,15,,,First Nation
TEMAGAMI FIRST NATION,TEMAGAMI FIRST NATION,,,GENERAL DELIVERY ,BEAR ISLAND,P0H 1C0,6,(705) 237-8943,(705) 237-8959,,,,,,0,7/26/2023,3,7/26/2020,247,702,18,,,First Nation
THESSALON,THESSALON,,,40 SUGARBUSH ROAD ,THESSALON,P0R 1L0,6,(705) 842-2323,(705) 842-2332,,,,,,0,11/17/2023,3,11/17/2020,113,809,2,,,First Nation
WABASEEMOONG INDEPENDENT NATIONS,WABASEEMOONG INDEPENDENT NATIONS,,,GENERAL DELIVERY ,WHITEDOG,P0X 1P0,6,(807) 927-2000,(807) 927-2037,,,,,,3,4/14/2021,2,4/12/2019,994,995,10,,,First Nation
WABAUSKANG FIRST NATION,WABAUSKANG FIRST NATION,,,PO BOX 339 ,EAR FALLS,P0V 1T0,6,(807) 529-3174,(807) 529-3007,,,,,,0,6/8/2024,3,3/13/2021,135,207,4,,,First Nation
WABIGOON LAKE OJIBWAY NATION,WABIGOON LAKE OJIBWAY NATION,,,"RR 1, SITE 115 PO BOX 300 ",DRYDEN,P8N 2Y4,6,(807) 938-6684,(807) 938-1166,,,,,,3,9/20/2021,2,9/13/2019,186,630,3,,,First Nation
WAHGOSHIG FIRST NATION,WAHGOSHIG FIRST NATION,,,RR 3 ,MATHESON,P0K 1N0,6,(705) 273-2055,(705) 273-2900,,,,,,0,5/1/2025,4,5/1/2021,145,223,12,,,First Nation
WAHNAPITAE,WAHNAPITAE,,,259 TAIGHWENINI TRAIL ROAD ,CAPREOL,P0M 1H0,6,(705) 858-0610,(705) 858-5570,,,,,,0,6/20/2021,3,6/16/2018,57,506,0,,,First Nation
WAHTA MOHAWK,WAHTA MOHAWK,,,PO BOX 260 ,"BALA,",P0C 1A0,6,(705) 762-2354,(705) 762-2376,,,,,,0,3/17/2023,3,6/6/2020,151,718,0,,,First Nation
WALPOLE ISLAND, ,,,RR 3 ,WALLACEBURG,N8A 4K9,6,(519) 627-1481,(519) 627-0440,,,,,,5,9/19/2022,2,9/19/2020,2349,2584,25,,,First Nation
WAPEKEKA,WAPEKEKA,,,PO BOX 2 ,WAPEKEKA,P0V 1B0,6,(807) 537-2315,(807) 537-2336,,,,,,4,9/30/2023,3,9/30/2020,500,13,3,,,First Nation
WASAUKSING FIRST NATION,WASAUKSING FIRST NATION,,,PO BOX 250 ,PARRY SOUND,P2A 2X4,6,(705) 746-2531,(705) 746-5984,,,,,,4,2/15/2023,2,2/9/2021,402,923,18,,,First Nation
WASHAGAMIS BAY,WASHAGAMIS BAY,,,PO BOX 625 ,KEEWATIN,P0X 1C0,6,(807) 543-2532,(807) 543-2964,,,,,,3,8/16/2021,2,8/9/2019,149,157,30,,,First Nation
WAWAKAPEWIN,WAWAKAPEWIN,,,PO BOX 477 ,SIOUX LOOKOUT,P8T 1A8,6,(807) 737-2662,(807) 737-4226,,,,,,2,9/19/2022,3,9/19/2019,35,27,9,,,First Nation
WEBEQUIE,WEBEQUIE,,,PO BOX 268 ,WEBEQUIE,P0T 3A0,6,(807) 353-6531,(807) 353-1218,,,,,,0,2/16/2022,3,2/16/2019,322,598,9,,,First Nation
WEENUSK,WEENUSK,,,PO BOX 1 ,PEAWANUCK,P0L 2H0,6,(705) 473-2554,(705) 473-2503,,,,,,0,3/10/2022,2,3/10/2020,24,577,3,,,First Nation
WHITEFISH RIVER, ,,,PO BOX A ,BIRCH ISLAND,P0P 1A0,6,(705) 285-4335,(705) 285-4532,,,,,,4,2/11/2023,4,2/9/2019,413,992,33,,,First Nation
WHITESAND, ,,,PO BOX 68 ,ARMSTRONG,P0T 1A0,6,(807) 583-2177,(807) 583-2170,,,,,,0,11/2/2021,2,11/2/2019,375,917,19,,,First Nation
WIKWEMIKONG,WIKWEMIKONG,,,PO BOX 112 ,WIKWEMIKONG,P0P 2J0,6,(705) 859-3122,(705) 859-3851,,,,,,5,8/26/2022,2,8/15/2020,3199,5120,79,,,First Nation
WUNNUMIN,WUNNUMIN,,,PO BOX 105 ,WUNNUMIN LAKE,P0V 2Z0,6,(807) 442-2559,(807) 442-2627,,,,,,0,9/19/2022,2,9/19/2020,576,111,18,,,First Nation
ZHIIBAAHAASING FIRST NATION,ZHIIBAAHAASING FIRST NATION,,,36 SAGON ROAD ,ZHIIBAAHAASING,P0P 1X0,6,(705) 283-3963,(705) 283-3964,,,,,,0,9/4/2021,3,9/5/2018,65,118,1,,,First Nation
AHTAHKAKOOP,AHTAHKAKOOP,,,PO BOX 220 ,SHELL LAKE,SOJ 2G0,14,(306) 468-2326,(306) 468-2344,,,,,,5,6/17/2021,4,6/16/2017,1877,1742,106,,,First Nation
BEARDY'S AND OKEMASIS, ,,,PO BOX 340 ,DUCK LAKE,S0K 1J0,14,(306) 467-4523,(306) 467-4404,,,,,,0,3/27/2023,3,3/27/2020,1389,2167,54,,,First Nation
BIG ISLAND LAKE CREE NATION, ,,,PO BOX 309 ,PIERCELAND,S0M 2K0,14,(306) 839-2277,(306) 839-2323,,,,,,0,3/31/2023,4,3/20/2019,890,228,152,,,First Nation
BIG RIVER, ,,,PO BOX 519 ,DEBDEN,S0J 0S0,14,(306) 724-4700,(306) 724-2161,,,,,,0,10/1/2023,4,10/11/2019,2480,1028,191,,,First Nation
BIRCH NARROWS FIRST NATION, ,,,GENERAL DELIVERY ,TURNOR LAKE,S0M 3E0,14,(306) 894-2030,(306) 894-2060,,,,,,0,2/28/2022,4,3/1/2018,444,378,42,,,First Nation
BLACK LAKE, ,,,PO BOX 27 ,BLACK LAKE,S0J 0H0,14,(306) 284-2044,(306) 284-2101,,,,,,0,6/12/2023,3,6/25/2020,1650,612,24,,,First Nation
BUFFALO RIVER DENE NATION, ,,,GENERAL DELIVERY ,DILLON,S0M 0S0,14,(306) 282-2033,(306) 282-2101,,,,,,0,3/4/2022,3,3/1/2019,790,693,46,,,First Nation
CANOE LAKE CREE FIRST NATION, ,,,GENERAL DELIVERY ,CANOE NARROWS,S0M 0K0,14,(306) 829-2150,(306) 829-2101,,,,,,0,12/16/2024,4,12/16/2020,1099,1515,62,,,First Nation
CARRY THE KETTLE, ,,,PO BOX 57 ,SINTALUTA,S0G 4N0,14,(306) 727-2135,(306) 727-2149,,,,,,0,4/7/2022,4,4/7/2018,885,2002,62,,,First Nation
CLEARWATER RIVER DENE, ,,,PO BOX 5050 ,CLEARWATER RIVER,S0M 3H0,14,(306) 822-2021,(306) 822-2212,,,,,,,7/6/2021,4,6/28/2017,1041,1603,39,,,First Nation
COTE FIRST NATION 366, ,,,PO BOX 1659 ,KAMSACK,S0A 1S0,14,(306) 542-2694,(306) 542-3735,,,,,,7,9/4/2022,3,8/31/2019,1090,2983,77,,,First Nation
COWESSESS, ,,,PO BOX 100 ,COWESSESS,CSG 5L0,14,(306) 696-2520,(306) 696-2767,,,,,,0,4/29/2023,4,4/29/2019,838,3386,89,,,First Nation
CUMBERLAND HOUSE CREE NATION, ,,,PO BOX 220 ,CUMBERLAND HOUSE,S0E 0S0,14,(306) 888-2226,(306) 888-2084,,,,,,3,8/27/2021,3,3/27/2018,923,880,27,,,First Nation
DAY STAR, ,,,PO BOX 277 ,PUNNICHY,S0A 3C0,14,(306) 835-2834,(306) 835-2724,,,,,,0,11/15/2021,4,11/15/2017,166,335,26,,,First Nation
ENGLISH RIVER FIRST NATION, ,,,GENERAL DELIVERY ,PATUANAK,S0M 2H0,14,(306) 396-2066,(306) 396-2155,,,,,,0,10/26/2023,4,10/25/2019,790,838,38,,,First Nation
FISHING LAKE FIRST NATION, ,,,PO BOX 508 ,WADENA,S0A 4J0,14,(306) 338-3838,(306) 338-3635,,,,,,0,,,2/26/2021,511,1297,59,,,First Nation
FLYING DUST FIRST NATION, ,,,8001 FLYING DUST RESERVE ,MEADOW LAKE,S9X 1T8,14,(306) 236-4437,(306) 236-3373,,,,,,0,12/5/2024,4,12/5/2020,534,928,56,,,First Nation
FOND DU LAC, ,,,PO BOX 211 ,FOND DU LAC,S0J 0W0,14,(306) 686-2102,(306) 686-2040,,,,,,0,9/29/2023,2,3/26/2021,1133,1020,32,,,First Nation
GEORGE GORDON FIRST NATION, ,,,PO BOX 248 ,PUNNICHY,S0A 3C0,14,(306) 835-2232,(306) 835-2036,,,,,,0,9/9/2024,4,9/9/2020,1192,2499,102,,,First Nation
HATCHET LAKE, ,,,GENERAL DELIVERY ,WOLLASTON LAKE,S0J 3C0,14,(306) 633-2003,(306) 633-2040,,,,,,0,6/5/2021,3,6/5/2018,1451,437,26,,,First Nation
JAMES SMITH, ,,,PO BOX 1059 ,MELFORT,S0E 1A0,14,(306) 864-3636,(306) 864-3336,,,,,,0,10/13/2021,3,2/12/2018,1969,1678,74,,,First Nation
KAHKEWISTAHAW,KAHKEWISTAHAW,,,PO BOX 609 ,BROADVIEW,BTG 0K0,14,(306) 696-3291,(306) 696-3201,,,,,,0,4/15/2023,3,4/15/2020,627,1452,97,,,First Nation
KAWACATOOSE,KAWACATOOSE,,,PO BOX 640 ,RAYMORE,ROA 3J0,14,(306) 835-2125,(306) 835-2178,,,,,,0,5/19/2022,4,5/18/2018,1168,2009,102,,,First Nation
KEESEEKOOSE,KEESEEKOOSE,,,PO BOX 1120 ,KAMSACK,KOA 1S0,14,(306) 542-2012,(306) 542-2586,,,,,,7,5/29/2021,4,11/25/2017,718,1783,65,,,First Nation
KINISTIN SAULTEAUX NATION,KINISTIN SAULTEAUX NATION,,,PO BOX 2590 ,TISDALE,S0E 1T0,14,(306) 878-8188,(306) 873-5235,,,,,,0,4/30/2023,2,4/30/2021,340,691,70,,,First Nation
LAC LA RONGE, ,,,PO BOX 480 ,LA RONGE,S0J 1L0,14,(306) 425-2183,(306) 425-2590,,,,,,0,3/31/2023,3,5/26/2020,6923,4349,173,,,First Nation
LITTLE BLACK BEAR, ,,,PO BOX 40 ,GOODEVE,S0A 1C0,14,(306) 334-2269,(306) 334-2721,,,,,,,3/31/2022,3,3/29/2019,215,386,10,,,First Nation
LITTLE PINE, ,,,PO BOX 70 ,PAYNTON,S0M 2J0,14,(306) 398-4942,(306) 398-2377,,,,,,0,11/26/2021,4,11/27/2017,977,1126,89,,,First Nation
LUCKY MAN, ,,,103B PACKHAM AVENUE ,SASKATOON,S7N 4K4,14,(306) 374-2828,(306) 934-2853,,,,,,0,7/5/2025,4,1/23/2021,6,89,19,,,First Nation
MAKWA SAHGAIEHCAN FIRST NATION,MAKWA SAHGAIEHCAN FIRST NATION,,,PO BOX 340 ,LOON LAKE,S0M 1L0,14,(306) 837-2150,(306) 837-4448,,,,,,4,2/23/2023,4,2/18/2019,1147,493,143,,,First Nation
MINISTIKWAN LAKE CREE NATION,MINISTIKWAN LAKE CREE NATION,,,PO BOX 240 ,ISLAND LAKE,S0M 3G0,14,(306) 837-2188,(306) 837-2266,,,,,,0,10/25/2021,2,4/24/2019,945,261,147,,,First Nation
MISTAWASIS NÊHIYAWAK,MISTAWASIS NÊHIYAWAK,,,PO BOX 250 ,LEASK,S0J 1M0,14,(306) 466-4800,(306) 466-2299,,,,,,4,4/7/2025,4,4/7/2021,1148,1644,105,,,First Nation
MONTREAL LAKE, ,,,PO BOX 106 ,MONTREAL LAKE,S0J 1Y0,14,(306) 663-5349,(306) 663-5320,,,,,,0,3/31/2023,3,9/30/2020,2213,1925,99,,,First Nation
MOOSOMIN,MOOSOMIN,,,PO BOX 98 ,COCHIN,CMM 0L0,14,(306) 386-2206,(306) 386-2098,,,,,,0,11/3/2021,3,5/4/2019,1206,801,68,,,First Nation
"MOSQUITO, GRIZZLY BEAR'S HEAD, LEAN MAN FIRST NATIONS", ,,,PO BOX 177 ,CANDO,S0K 0V0,14,(306) 937-6120,(306) 937-3678,,,,,,0,11/5/2021,3,5/5/2019,756,691,61,,,First Nation
MUSCOWPETUNG,MUSCOWPETUNG,,,PO BOX 1310 ,FORT QU'APPELLE,FTG 1S0,14,(306) 723-4747,(306) 723-4710,,,,,,0,4/6/2022,2,4/3/2020,338,1124,70,,,First Nation
MUSKEG LAKE CREE NATION #102, ,,,PO BOX 248 ,MARCELIN,S0J 1R0,14,(306) 466-4959,(306) 466-4951,,,,,,0,3/8/2024,3,3/8/2021,368,1824,40,,,First Nation
MUSKODAY FIRST NATION,MUSKODAY FIRST NATION,,,PO BOX 99 ,MUSKODAY,S0J 3H0,14,(306) 764-1282,(306) 764-7272,,,,,,0,3/21/2023,2,3/19/2021,625,1364,19,,,First Nation
MUSKOWEKWAN,MUSKOWEKWAN,,,PO BOX 249 ,LESTOCK,LWA 2G0,14,(306) 274-2061,(306) 274-2110,,,,,,0,7/3/2021,4,4/2/2017,578,1345,74,,,First Nation
NEKANEET,NEKANEET,,,PO BOX 548 ,MAPLE CREEK,MEN 1N0,14,(306) 662-3660,(306) 662-4160,,,,,,,3/25/2023,3,3/25/2020,227,321,19,,,First Nation
OCEAN MAN, ,,,PO BOX 157 ,STOUGHTON,S0G 4T0,14,(306) 457-2679,(306) 457-2933,,,,,,0,6/1/2021,4,1/18/2018,147,360,55,,,First Nation
OCHAPOWACE,OCHAPOWACE,,,PO BOX 550 ,WHITEWOOD,WCG 5C0,14,(306) 696-2425,(306) 696-3146,,,,,,0,6/26/2023,3,6/27/2020,642,1219,60,,,First Nation
OKANESE,OKANESE,,,PO BOX 759 ,BALCARRES,BEG 0C0,14,(306) 334-2532,(306) 334-2545,,,,,,0,,,10/17/2020,282,434,22,,,First Nation
ONE ARROW FIRST NATION, ,,,PO BOX 147 ,BELLEVUE,S0K 3Y0,14,(306) 423-5900,(306) 423-5904,,,,,,0,5/29/2023,3,5/29/2020,805,1232,68,,,First Nation
ONION LAKE CREE NATION, ,,,PO BOX 100 ,ONION LAKE,S0M 2E0,14,(780) 847-2200,(780) 847-2226,,,,,,0,6/17/2022,4,6/18/2018,3996,2325,255,,,First Nation
PASQUA FIRST NATION #79,PASQUA FIRST NATION #79,,,PO BOX 79 ,PASQUA,S0G 5M0,14,(306) 332-5697,(306) 332-5199,,,,,,0,3/4/2023,2,3/1/2021,703,1677,95,,,First Nation
PEEPEEKISIS CREE NATION NO.81,PEEPEEKISIS CREE NATION NO.81,,,PO BOX 518 ,BALCARRES,S0G 0C0,14,(306) 334-2573,(306) 334-2280,,,,,,0,12/16/2024,4,12/15/2020,653,2412,73,,,First Nation
PELICAN LAKE, ,,,PO BOX 399 ,LEOVILLE,S0J 1N0,14,(306) 984-2313,(306) 984-2029,,,,,,0,3/22/2022,3,3/21/2019,1113,414,195,,,First Nation
PETER BALLANTYNE CREE NATION, ,,,GENERAL DELIVERY ,PELICAN NARROWS,S0P 0E0,14,(306) 632-2125,(306) 632-2275,,,,,,0,4/9/2024,3,4/13/2021,6106,5162,218,,,First Nation
PHEASANT RUMP NAKOTA, ,,,PO BOX 238 ,KISBEY,S0C 1L0,14,(306) 462-2002,(306) 462-2003,,,,,,3,9/15/2021,4,9/15/2017,163,261,25,,,First Nation
PIAPOT, ,,,GENERAL DELIVERY ,ZEHNER,ZPG 5K0,14,(306) 781-4848,(306) 781-4853,,,,,,0,7/3/2024,4,7/3/2020,686,1771,95,,,First Nation
POUNDMAKER, ,,,PO BOX 610 ,CUTKNIFE,CEM 0N0,14,(306) 398-4971,(306) 398-2522,,,,,,0,5/17/2024,4,9/20/2020,852,829,144,,,First Nation
RED EARTH, ,,,PO BOX 109 ,RED EARTH,S0E 1K0,14,(306) 768-3640,(306) 768-3440,,,,,,0,3/6/2023,3,3/6/2020,1639,290,43,,,First Nation
RED PHEASANT, ,,,PO BOX 70 ,CANDO,S0K 0V0,14,(306) 937-7717,(306) 937-7487,,,,,,5,3/18/2024,4,3/20/2020,722,1705,106,,,First Nation
SAULTEAUX,SAULTEAUX,,,PO BOX 159 ,COCHIN,CXM 0L0,14,(306) 386-2424,(306) 386-2444,,,,,,0,3/28/2023,3,3/28/2020,646,646,54,,,First Nation
SHOAL LAKE CREE NATION, ,,,PO BOX 51 ,PAKWAW,S0E 1G0,14,(306) 768-3551,(306) 768-3486,,,,,,0,3/13/2023,3,3/13/2020,912,217,31,,,First Nation
STANDING BUFFALO, ,,,PO BOX 128 ,FORT QU'APPELLE,S0G 1S0,14,(306) 332-4685,(306) 332-5953,,,,,,0,8/2/2022,3,7/26/2019,488,787,33,,,First Nation
STAR BLANKET CREE NATION, ,,,PO BOX 456 ,BALCARRES,S0G 0C0,14,(306) 334-2206,(306) 334-2606,,,,,,0,3/31/2022,4,3/31/2018,257,428,31,,,First Nation
STURGEON LAKE FIRST NATION, ,,,RR 1 SITE 12 PO BOX 5 ,SHELLBROOK,S0J 2E0,14,(306) 764-1872,(306) 764-1877,,,,,,0,3/31/2022,3,4/12/2019,1836,1114,85,,,First Nation
SWEETGRASS, ,,,PO BOX 147 ,GALLIVAN,GSM 0X0,14,(306) 937-2990,(306) 937-7010,,,,,,0,11/29/2021,2,11/29/2019,745,1239,88,,,First Nation
THE KEY FIRST NATION, ,,,PO BOX 70 ,NORQUAY,S0A 2V0,14,(306) 594-2020,(306) 594-2545,,,,,,4,6/11/2022,4,6/11/2018,308,1106,26,,,First Nation
THUNDERCHILD FIRST NATION, ,,,PO BOX 600 ,TURTLEFORD,S0M 2Y0,14,(306) 845-4300,(306) 845-3230,,,,,,0,10/15/2022,4,10/15/2018,1078,1602,277,,,First Nation
WAHPETON DAKOTA NATION,WAHPETON DAKOTA NATION,,,PO BOX 128 ,PRINCE ALBERT,S6V 5R4,14,(306) 764-6649,(306) 764-6637,,,,,,0,5/26/2023,3,7/29/2020,345,193,23,,,First Nation
WATERHEN LAKE, ,,,PO BOX 9 ,WATERHEN LAKE,S0M 3B0,14,(306) 236-6717,(306) 236-4866,,,,,,0,12/23/2022,2,12/21/2020,884,1102,112,,,First Nation
WHITE BEAR, ,,,PO BOX 700 ,CARLYLE,S0C 0R0,14,(306) 577-2461,(306) 577-2496,,,,,,4,6/25/2021,2,6/19/2019,868,1875,73,,,First Nation
WHITECAP DAKOTA FIRST NATION, ,,,182 CHIEF WHITECAP TRAIL ,WHITECAP,S7K 2L2,14,(306) 477-0908,(306) 374-5899,,,,,,0,11/13/2023,3,11/13/2020,320,351,12,,,First Nation
WITCHEKAN LAKE, ,,,PO BOX 879 ,SPIRITWOOD,S0J 2M0,14,(306) 883-2787,(306) 883-2008,,,,,,3,6/6/2021,2,1/7/2019,531,235,40,,,First Nation
WOOD MOUNTAIN, ,,,PO BOX 1792 ,ASSINIBOIA,S0H 0B0,14,(306) 266-2039,(306) 266-2024,,,,,,0,10/2/2021,3,3/24/2018,7,312,0,,,First Nation
YELLOW QUILL, ,,,PO BOX 40 ,YELLOW QUILL,S0A 3A0,14,(306) 322-2281,(306) 322-2304,,,,,,0,11/23/2023,3,11/26/2020,925,2101,67,,,First Nation
ZAGIME ANISHINABEK,ZAGIME ANISHINABEK,,,PO BOX 339 ,GRENFELL,S0G 2B0,14,(306) 697-2831,(306) 697-3565,,,,,,5,9/6/2021,4,9/6/2017,274,1512,27,,,First Nation
